Val0, Val1, Val2, Val3, Val4, Val5, Val6, Val7, Val8, Val9, Val10, Val11, Val12, Val13, Val14, Val15, Score, Agent, AgentHeur, Move, Trial 
0, 4, 0, 0, 0, 0, 2, 0, 0, 0, 0, 0, 0, 0, 0, 0, 0, N/A, N/A, RIGHT, 0
0, 0, 0, 4, 0, 0, 0, 2, 0, 0, 0, 0, 2, 0, 0, 0, 0, N/A, N/A, LEFT, 0
4, 0, 0, 0, 2, 0, 0, 0, 0, 0, 0, 0, 2, 0, 0, 2, 0, N/A, N/A, LEFT, 0
4, 0, 0, 0, 2, 0, 0, 0, 0, 4, 0, 0, 4, 0, 0, 0, 4, N/A, N/A, UP, 0
4, 4, 0, 0, 2, 0, 0, 0, 4, 0, 0, 2, 0, 0, 0, 0, 4, N/A, N/A, UP, 0
4, 4, 0, 2, 2, 0, 2, 0, 4, 0, 0, 0, 0, 0, 0, 0, 4, N/A, N/A, RIGHT, 0
0, 0, 8, 2, 0, 0, 0, 4, 2, 0, 0, 4, 0, 0, 0, 0, 16, N/A, N/A, UP, 0
2, 0, 8, 2, 0, 0, 0, 8, 0, 0, 0, 0, 0, 2, 0, 0, 24, N/A, N/A, DOWN, 0
0, 0, 0, 0, 0, 2, 0, 0, 0, 0, 0, 2, 2, 2, 8, 8, 24, N/A, N/A, DOWN, 0
0, 0, 0, 0, 0, 0, 2, 0, 0, 0, 0, 2, 2, 4, 8, 8, 28, N/A, N/A, DOWN, 0
2, 0, 0, 0, 0, 0, 0, 0, 0, 0, 2, 2, 2, 4, 8, 8, 28, N/A, N/A, UP, 0
4, 4, 2, 2, 0, 2, 8, 8, 0, 0, 0, 0, 0, 0, 0, 0, 32, N/A, N/A, LEFT, 0
8, 4, 0, 0, 2, 16, 0, 0, 0, 0, 0, 0, 0, 0, 0, 2, 60, N/A, N/A, LEFT, 0
8, 4, 0, 0, 2, 16, 0, 2, 0, 0, 0, 0, 2, 0, 0, 0, 60, N/A, N/A, RIGHT, 0
0, 0, 8, 4, 0, 2, 16, 2, 0, 0, 2, 0, 0, 0, 0, 2, 60, N/A, N/A, RIGHT, 0
0, 0, 8, 4, 2, 2, 16, 2, 0, 0, 0, 2, 0, 0, 0, 2, 60, N/A, N/A, LEFT, 0
8, 4, 0, 0, 4, 16, 2, 0, 2, 0, 0, 0, 2, 0, 2, 0, 64, N/A, N/A, LEFT, 0
8, 4, 0, 0, 4, 16, 2, 0, 2, 2, 0, 0, 4, 0, 0, 0, 68, N/A, N/A, DOWN, 0
8, 0, 0, 0, 4, 4, 2, 0, 2, 16, 0, 0, 4, 2, 2, 0, 68, N/A, N/A, UP, 0
8, 4, 4, 0, 4, 16, 0, 0, 2, 2, 0, 0, 4, 0, 0, 2, 72, N/A, N/A, DOWN, 0
8, 2, 0, 0, 4, 4, 0, 0, 2, 16, 0, 0, 4, 2, 4, 2, 72, N/A, N/A, UP, 0
8, 2, 4, 2, 4, 4, 0, 0, 2, 16, 0, 0, 4, 2, 2, 0, 72, N/A, N/A, DOWN, 0
8, 2, 0, 0, 4, 4, 2, 0, 2, 16, 4, 0, 4, 2, 2, 2, 72, N/A, N/A, LEFT, 0
8, 2, 0, 0, 8, 2, 0, 2, 2, 16, 4, 0, 4, 4, 2, 0, 84, N/A, N/A, LEFT, 0
8, 2, 0, 0, 8, 4, 0, 0, 2, 16, 4, 0, 8, 2, 0, 2, 96, N/A, N/A, DOWN, 0
0, 2, 0, 0, 16, 4, 0, 0, 2, 16, 0, 2, 8, 2, 4, 2, 112, N/A, N/A, LEFT, 0
2, 0, 0, 0, 16, 4, 2, 0, 2, 16, 2, 0, 8, 2, 4, 2, 112, N/A, N/A, DOWN, 0
2, 0, 0, 0, 16, 4, 0, 0, 2, 16, 4, 2, 8, 2, 4, 2, 116, N/A, N/A, DOWN, 0
2, 0, 0, 0, 16, 4, 0, 0, 2, 16, 0, 4, 8, 2, 8, 4, 128, N/A, N/A, DOWN, 0
2, 0, 0, 0, 16, 4, 0, 0, 2, 16, 2, 0, 8, 2, 8, 8, 136, N/A, N/A, RIGHT, 0
0, 0, 0, 2, 2, 0, 16, 4, 0, 2, 16, 2, 0, 8, 2, 16, 152, N/A, N/A, DOWN, 0
0, 0, 0, 2, 2, 0, 0, 4, 0, 2, 32, 2, 2, 8, 2, 16, 184, N/A, N/A, LEFT, 0
2, 0, 0, 0, 2, 4, 2, 0, 2, 32, 2, 0, 2, 8, 2, 16, 184, N/A, N/A, UP, 0
4, 4, 4, 16, 4, 32, 2, 0, 4, 8, 0, 0, 0, 0, 0, 0, 196, N/A, N/A, LEFT, 0
8, 4, 16, 0, 4, 32, 2, 0, 4, 8, 0, 0, 0, 2, 0, 0, 204, N/A, N/A, DOWN, 0
0, 4, 0, 0, 0, 32, 0, 0, 2, 8, 16, 0, 16, 2, 2, 0, 228, N/A, N/A, RIGHT, 0
0, 0, 0, 4, 0, 0, 0, 32, 0, 2, 8, 16, 0, 2, 16, 4, 232, N/A, N/A, UP, 0
0, 4, 8, 4, 0, 0, 16, 32, 0, 2, 0, 16, 0, 0, 0, 4, 236, N/A, N/A, DOWN, 0
0, 0, 0, 4, 0, 0, 0, 32, 0, 4, 8, 16, 2, 2, 16, 4, 236, N/A, N/A, RIGHT, 0
0, 2, 0, 4, 0, 0, 0, 32, 0, 4, 8, 16, 0, 4, 16, 4, 240, N/A, N/A, UP, 0
0, 2, 8, 4, 0, 8, 16, 32, 0, 0, 0, 16, 0, 2, 0, 4, 248, N/A, N/A, DOWN, 0
0, 0, 0, 4, 2, 2, 0, 32, 0, 8, 8, 16, 0, 2, 16, 4, 248, N/A, N/A, UP, 0
2, 2, 8, 4, 0, 8, 16, 32, 0, 2, 2, 16, 0, 0, 0, 4, 248, N/A, N/A, LEFT, 0
4, 8, 4, 0, 8, 16, 32, 0, 4, 16, 0, 2, 4, 0, 0, 0, 256, N/A, N/A, DOWN, 0
0, 0, 0, 0, 0, 0, 2, 0, 4, 8, 4, 0, 16, 32, 32, 2, 312, N/A, N/A, LEFT, 0
2, 0, 0, 0, 2, 0, 0, 0, 4, 8, 4, 0, 16, 64, 2, 0, 376, N/A, N/A, UP, 0
8, 8, 4, 0, 16, 64, 2, 0, 0, 0, 0, 0, 0, 0, 0, 4, 388, N/A, N/A, DOWN, 0
0, 0, 0, 0, 0, 2, 0, 0, 8, 8, 4, 0, 16, 64, 2, 4, 388, N/A, N/A, UP, 0
8, 2, 4, 4, 16, 8, 2, 0, 0, 64, 0, 0, 2, 0, 0, 0, 388, N/A, N/A, DOWN, 0
0, 0, 0, 0, 8, 2, 0, 2, 16, 8, 4, 0, 2, 64, 2, 4, 388, N/A, N/A, UP, 0
8, 2, 4, 2, 16, 8, 2, 4, 2, 64, 0, 2, 0, 0, 0, 0, 388, N/A, N/A, DOWN, 0
0, 0, 0, 0, 8, 2, 2, 2, 16, 8, 4, 4, 2, 64, 2, 2, 388, N/A, N/A, LEFT, 0
0, 0, 2, 0, 8, 4, 2, 0, 16, 8, 8, 0, 2, 64, 4, 0, 404, N/A, N/A, RIGHT, 0
0, 2, 0, 2, 0, 8, 4, 2, 0, 0, 0, 32, 0, 2, 64, 4, 452, N/A, N/A, UP, 0
0, 2, 4, 4, 0, 8, 64, 32, 0, 2, 0, 4, 0, 2, 0, 0, 456, N/A, N/A, RIGHT, 0
0, 2, 2, 8, 0, 8, 64, 32, 0, 0, 2, 4, 0, 0, 0, 2, 464, N/A, N/A, RIGHT, 0
2, 0, 4, 8, 0, 8, 64, 32, 0, 0, 2, 4, 0, 0, 0, 2, 468, N/A, N/A, UP, 0
2, 8, 4, 8, 0, 0, 64, 32, 0, 0, 2, 4, 2, 0, 0, 2, 468, N/A, N/A, LEFT, 0
2, 8, 4, 8, 64, 32, 0, 0, 2, 4, 0, 0, 4, 0, 2, 0, 472, N/A, N/A, RIGHT, 0
2, 8, 4, 8, 2, 0, 64, 32, 0, 0, 2, 4, 0, 0, 4, 2, 472, N/A, N/A, DOWN, 0
2, 0, 4, 8, 0, 0, 64, 32, 0, 0, 2, 4, 4, 8, 4, 2, 476, N/A, N/A, RIGHT, 0
2, 2, 4, 8, 0, 0, 64, 32, 0, 0, 2, 4, 4, 8, 4, 2, 476, N/A, N/A, RIGHT, 0
0, 4, 4, 8, 0, 2, 64, 32, 0, 0, 2, 4, 4, 8, 4, 2, 480, N/A, N/A, DOWN, 0
0, 2, 4, 8, 0, 4, 64, 32, 0, 2, 2, 4, 4, 8, 4, 2, 480, N/A, N/A, LEFT, 0
2, 4, 8, 2, 4, 64, 32, 0, 8, 0, 0, 0, 4, 8, 4, 2, 492, N/A, N/A, UP, 0
2, 4, 8, 4, 4, 64, 32, 0, 8, 8, 4, 0, 4, 0, 2, 0, 496, N/A, N/A, RIGHT, 0
2, 4, 8, 4, 0, 4, 64, 32, 0, 0, 16, 4, 0, 2, 4, 2, 512, N/A, N/A, UP, 0
2, 8, 8, 4, 2, 2, 64, 32, 0, 0, 16, 4, 0, 0, 4, 2, 520, N/A, N/A, RIGHT, 0
0, 2, 16, 4, 2, 4, 64, 32, 0, 0, 16, 4, 0, 0, 4, 2, 540, N/A, N/A, LEFT, 0
2, 16, 4, 0, 2, 4, 64, 32, 16, 4, 0, 0, 4, 2, 2, 0, 540, N/A, N/A, UP, 0
4, 16, 4, 32, 16, 8, 64, 0, 4, 2, 2, 0, 0, 2, 0, 0, 552, N/A, N/A, LEFT, 0
4, 16, 4, 32, 16, 8, 64, 2, 4, 4, 0, 0, 2, 0, 0, 0, 556, N/A, N/A, DOWN, 0
4, 0, 0, 0, 16, 16, 0, 2, 4, 8, 4, 32, 2, 4, 64, 2, 556, N/A, N/A, RIGHT, 0
0, 0, 0, 4, 2, 0, 32, 2, 4, 8, 4, 32, 2, 4, 64, 2, 588, N/A, N/A, RIGHT, 0
0, 0, 0, 4, 4, 2, 32, 2, 4, 8, 4, 32, 2, 4, 64, 2, 588, N/A, N/A, UP, 0
8, 2, 32, 4, 2, 8, 4, 2, 0, 4, 64, 32, 0, 0, 2, 2, 596, N/A, N/A, DOWN, 0
0, 0, 32, 4, 2, 2, 4, 2, 8, 8, 64, 32, 2, 4, 2, 2, 596, N/A, N/A, RIGHT, 0
0, 0, 32, 4, 2, 4, 4, 2, 0, 16, 64, 32, 0, 0, 2, 8, 628, N/A, N/A, UP, 0
2, 4, 32, 4, 0, 16, 4, 2, 0, 0, 64, 32, 2, 0, 2, 8, 628, N/A, N/A, LEFT, 0
2, 4, 32, 4, 16, 4, 2, 0, 64, 32, 0, 2, 4, 8, 0, 0, 632, N/A, N/A, LEFT, 0
2, 4, 32, 4, 16, 4, 2, 0, 64, 32, 2, 2, 4, 8, 0, 0, 632, N/A, N/A, RIGHT, 0
2, 4, 32, 4, 0, 16, 4, 2, 0, 64, 32, 4, 2, 0, 4, 8, 636, N/A, N/A, RIGHT, 0
2, 4, 32, 4, 0, 16, 4, 2, 0, 64, 32, 4, 2, 2, 4, 8, 636, N/A, N/A, DOWN, 0
0, 4, 32, 4, 2, 16, 4, 2, 0, 64, 32, 4, 4, 2, 4, 8, 640, N/A, N/A, UP, 0
2, 4, 32, 4, 4, 16, 4, 2, 2, 64, 32, 4, 0, 2, 4, 8, 640, N/A, N/A, DOWN, 0
2, 4, 32, 4, 2, 16, 4, 2, 4, 64, 32, 4, 2, 2, 4, 8, 640, N/A, N/A, RIGHT, 0
2, 4, 32, 4, 2, 16, 4, 2, 4, 64, 32, 4, 2, 4, 4, 8, 644, N/A, N/A, DOWN, 0
2, 4, 32, 4, 4, 16, 4, 2, 4, 64, 32, 4, 2, 4, 4, 8, 648, N/A, N/A, UP, 0
2, 4, 32, 4, 8, 16, 4, 2, 2, 64, 32, 4, 2, 4, 4, 8, 656, N/A, N/A, LEFT, 0
2, 4, 32, 4, 8, 16, 4, 2, 2, 64, 32, 4, 2, 16, 0, 2, 680, N/A, N/A, RIGHT, 0
2, 4, 32, 4, 8, 16, 4, 2, 2, 64, 32, 4, 2, 2, 16, 2, 680, N/A, N/A, LEFT, 0
2, 4, 32, 4, 8, 16, 4, 2, 2, 64, 32, 4, 4, 16, 2, 2, 684, N/A, N/A, RIGHT, 0
2, 4, 32, 4, 8, 16, 4, 2, 2, 64, 32, 4, 2, 4, 16, 4, 688, N/A, N/A, DOWN, 0
4, 4, 32, 0, 2, 16, 4, 4, 8, 64, 32, 2, 4, 4, 16, 8, 700, N/A, N/A, UP, 0
4, 4, 32, 4, 2, 16, 4, 2, 8, 64, 32, 8, 4, 4, 16, 2, 700, N/A, N/A, RIGHT, 0
2, 8, 32, 4, 2, 16, 4, 2, 8, 64, 32, 8, 0, 8, 16, 2, 716, N/A, N/A, DOWN, 0
0, 8, 32, 4, 2, 16, 4, 2, 4, 64, 32, 8, 8, 8, 16, 2, 720, N/A, N/A, RIGHT, 0
2, 8, 32, 4, 2, 16, 4, 2, 4, 64, 32, 8, 0, 16, 16, 2, 736, N/A, N/A, RIGHT, 0
2, 8, 32, 4, 2, 16, 4, 2, 4, 64, 32, 8, 0, 2, 32, 2, 768, N/A, N/A, UP, 0
8, 8, 32, 4, 2, 16, 4, 2, 0, 64, 64, 8, 0, 2, 0, 2, 844, N/A, N/A, DOWN, 0
0, 8, 0, 4, 2, 16, 32, 2, 8, 64, 4, 8, 2, 2, 64, 2, 844, N/A, N/A, UP, 0
2, 8, 32, 4, 8, 16, 4, 2, 2, 64, 64, 8, 0, 2, 2, 2, 844, N/A, N/A, LEFT, 0
2, 8, 32, 4, 8, 16, 4, 2, 2, 128, 8, 2, 4, 2, 0, 0, 976, N/A, N/A, DOWN, 0
2, 8, 2, 0, 8, 16, 32, 0, 2, 128, 4, 0, 4, 2, 8, 8, 988, N/A, N/A, RIGHT, 0
0, 2, 8, 2, 0, 8, 16, 32, 2, 2, 128, 4, 0, 4, 2, 16, 1004, N/A, N/A, DOWN, 0
2, 2, 8, 2, 0, 8, 16, 32, 0, 2, 128, 4, 2, 4, 2, 16, 1004, N/A, N/A, LEFT, 0
4, 8, 2, 0, 8, 16, 32, 2, 2, 128, 4, 0, 2, 4, 2, 16, 1008, N/A, N/A, DOWN, 0
0, 8, 2, 0, 4, 16, 32, 2, 8, 128, 4, 2, 4, 4, 2, 16, 1012, N/A, N/A, UP, 0
4, 8, 2, 4, 8, 16, 32, 16, 4, 128, 4, 2, 0, 4, 2, 0, 1016, N/A, N/A, LEFT, 0
4, 8, 2, 4, 8, 16, 32, 16, 4, 128, 4, 2, 4, 2, 2, 0, 1016, N/A, N/A, RIGHT, 0
4, 8, 2, 4, 8, 16, 32, 16, 4, 128, 4, 2, 0, 0, 2, 8, 1028, N/A, N/A, DOWN, 0
2, 0, 2, 4, 4, 8, 32, 16, 8, 16, 4, 2, 4, 128, 2, 8, 1028, N/A, N/A, RIGHT, 0
0, 2, 4, 4, 4, 8, 32, 16, 8, 16, 4, 2, 4, 128, 2, 8, 1032, N/A, N/A, RIGHT, 0
2, 0, 2, 8, 4, 8, 32, 16, 8, 16, 4, 2, 4, 128, 2, 8, 1040, N/A, N/A, UP, 0
2, 8, 2, 8, 4, 16, 32, 16, 8, 128, 4, 2, 4, 2, 2, 8, 1040, N/A, N/A, RIGHT, 0
2, 8, 2, 8, 4, 16, 32, 16, 8, 128, 4, 2, 2, 0, 8, 8, 1052, N/A, N/A, LEFT, 0
2, 8, 2, 8, 4, 16, 32, 16, 8, 128, 4, 2, 2, 16, 0, 2, 1068, N/A, N/A, RIGHT, 0
2, 8, 2, 8, 4, 16, 32, 16, 8, 128, 4, 2, 2, 2, 16, 2, 1068, N/A, N/A, LEFT, 0
2, 8, 2, 8, 4, 16, 32, 16, 8, 128, 4, 2, 4, 16, 2, 2, 1072, N/A, N/A, RIGHT, 0
0, 0, 0, 2, 0, 0, 0, 0, 0, 2, 0, 0, 0, 0, 0, 0, 0, N/A, N/A, UP, 1
0, 2, 0, 2, 0, 0, 0, 0, 0, 0, 0, 0, 2, 0, 0, 0, 0, N/A, N/A, RIGHT, 1
0, 0, 0, 4, 0, 0, 0, 0, 2, 0, 0, 0, 0, 0, 0, 2, 4, N/A, N/A, RIGHT, 1
0, 0, 0, 4, 0, 0, 0, 0, 0, 0, 0, 2, 2, 0, 0, 2, 4, N/A, N/A, RIGHT, 1
0, 0, 0, 4, 0, 0, 0, 0, 2, 0, 0, 2, 0, 0, 0, 4, 8, N/A, N/A, UP, 1
2, 0, 0, 4, 0, 0, 0, 2, 0, 2, 0, 4, 0, 0, 0, 0, 8, N/A, N/A, RIGHT, 1
0, 0, 2, 4, 0, 0, 0, 2, 4, 0, 2, 4, 0, 0, 0, 0, 8, N/A, N/A, RIGHT, 1
0, 0, 2, 4, 0, 0, 0, 2, 0, 4, 2, 4, 0, 0, 2, 0, 8, N/A, N/A, UP, 1
0, 4, 4, 4, 0, 0, 2, 2, 0, 0, 0, 4, 0, 2, 0, 0, 12, N/A, N/A, UP, 1
0, 4, 4, 4, 0, 2, 2, 2, 0, 2, 0, 4, 0, 0, 0, 0, 12, N/A, N/A, RIGHT, 1
0, 0, 4, 8, 0, 0, 2, 4, 0, 0, 2, 4, 2, 0, 0, 0, 24, N/A, N/A, RIGHT, 1
0, 0, 4, 8, 0, 0, 2, 4, 0, 0, 2, 4, 2, 0, 0, 2, 24, N/A, N/A, DOWN, 1
0, 2, 0, 0, 0, 0, 0, 0, 0, 0, 0, 16, 2, 0, 8, 2, 60, N/A, N/A, DOWN, 1
0, 0, 0, 2, 0, 0, 0, 0, 0, 0, 0, 16, 2, 2, 8, 2, 60, N/A, N/A, LEFT, 1
2, 0, 0, 0, 0, 0, 0, 0, 16, 0, 0, 0, 4, 8, 2, 2, 64, N/A, N/A, LEFT, 1
2, 0, 0, 2, 0, 0, 0, 0, 16, 0, 0, 0, 4, 8, 4, 0, 68, N/A, N/A, DOWN, 1
0, 0, 0, 0, 2, 0, 0, 0, 16, 0, 2, 0, 4, 8, 4, 2, 68, N/A, N/A, RIGHT, 1
0, 0, 0, 0, 0, 2, 0, 2, 0, 0, 16, 2, 4, 8, 4, 2, 68, N/A, N/A, LEFT, 1
0, 0, 0, 0, 4, 2, 0, 0, 16, 2, 0, 0, 4, 8, 4, 2, 72, N/A, N/A, UP, 1
4, 4, 4, 2, 16, 8, 0, 2, 4, 0, 0, 0, 0, 0, 0, 0, 76, N/A, N/A, LEFT, 1
8, 4, 2, 0, 16, 8, 2, 0, 4, 4, 0, 0, 0, 0, 0, 0, 84, N/A, N/A, UP, 1
8, 4, 4, 4, 16, 8, 0, 0, 4, 4, 0, 0, 0, 0, 0, 0, 88, N/A, N/A, RIGHT, 1
2, 8, 4, 8, 0, 0, 16, 8, 0, 0, 0, 8, 0, 0, 0, 0, 104, N/A, N/A, LEFT, 1
2, 8, 4, 8, 16, 8, 0, 0, 8, 0, 2, 0, 0, 0, 0, 0, 104, N/A, N/A, UP, 1
2, 16, 4, 8, 16, 0, 2, 0, 8, 0, 0, 0, 0, 0, 0, 2, 120, N/A, N/A, UP, 1
2, 16, 4, 8, 16, 0, 2, 2, 8, 0, 0, 0, 4, 0, 0, 0, 120, N/A, N/A, DOWN, 1
2, 0, 0, 0, 16, 0, 0, 0, 8, 2, 4, 8, 4, 16, 2, 2, 120, N/A, N/A, UP, 1
2, 2, 4, 8, 16, 16, 2, 2, 8, 0, 2, 0, 4, 0, 0, 0, 120, N/A, N/A, UP, 1
2, 2, 4, 8, 16, 16, 4, 2, 8, 0, 0, 2, 4, 0, 0, 0, 124, N/A, N/A, LEFT, 1
16, 0, 0, 0, 32, 4, 2, 0, 8, 2, 2, 0, 4, 0, 0, 0, 184, N/A, N/A, RIGHT, 1
4, 0, 0, 16, 0, 32, 4, 2, 0, 0, 8, 4, 0, 0, 0, 4, 188, N/A, N/A, RIGHT, 1
2, 0, 4, 16, 0, 32, 4, 2, 0, 0, 8, 4, 0, 0, 0, 4, 188, N/A, N/A, LEFT, 1
2, 4, 16, 0, 32, 4, 2, 0, 8, 4, 0, 0, 4, 2, 0, 0, 188, N/A, N/A, DOWN, 1
2, 0, 0, 0, 32, 4, 2, 0, 8, 8, 16, 0, 4, 2, 2, 0, 196, N/A, N/A, LEFT, 1
2, 2, 0, 0, 32, 4, 2, 0, 32, 0, 0, 0, 4, 4, 0, 0, 248, N/A, N/A, LEFT, 1
4, 0, 2, 0, 32, 4, 2, 0, 32, 0, 0, 0, 8, 0, 0, 0, 260, N/A, N/A, RIGHT, 1
0, 0, 4, 2, 0, 32, 4, 2, 0, 0, 0, 32, 2, 0, 0, 8, 260, N/A, N/A, RIGHT, 1
2, 0, 4, 2, 0, 32, 4, 2, 0, 0, 0, 32, 0, 0, 2, 8, 260, N/A, N/A, LEFT, 1
2, 4, 2, 0, 32, 4, 2, 0, 32, 0, 0, 0, 2, 8, 2, 0, 260, N/A, N/A, DOWN, 1
0, 2, 0, 0, 2, 0, 0, 0, 64, 8, 2, 0, 2, 8, 4, 0, 336, N/A, N/A, UP, 1
2, 2, 2, 0, 64, 16, 4, 0, 2, 0, 0, 0, 0, 0, 0, 2, 352, N/A, N/A, LEFT, 1
4, 2, 0, 0, 64, 16, 4, 0, 2, 0, 0, 0, 2, 0, 2, 0, 356, N/A, N/A, UP, 1
4, 2, 4, 0, 64, 16, 2, 0, 4, 2, 0, 0, 0, 0, 0, 0, 360, N/A, N/A, DOWN, 1
0, 0, 0, 2, 4, 2, 0, 0, 64, 16, 4, 0, 4, 2, 2, 0, 360, N/A, N/A, LEFT, 1
2, 0, 0, 4, 4, 2, 0, 0, 64, 16, 4, 0, 4, 4, 0, 0, 364, N/A, N/A, LEFT, 1
2, 4, 2, 0, 4, 2, 0, 0, 64, 16, 4, 0, 8, 0, 0, 0, 372, N/A, N/A, RIGHT, 1
0, 2, 4, 2, 0, 0, 4, 2, 2, 64, 16, 4, 0, 0, 0, 8, 372, N/A, N/A, DOWN, 1
2, 0, 0, 0, 0, 0, 0, 4, 0, 2, 8, 4, 2, 64, 16, 8, 384, N/A, N/A, DOWN, 1
0, 0, 0, 0, 0, 0, 0, 2, 0, 2, 8, 8, 4, 64, 16, 8, 396, N/A, N/A, LEFT, 1
0, 0, 2, 0, 2, 0, 0, 0, 2, 16, 0, 0, 4, 64, 16, 8, 412, N/A, N/A, UP, 1
8, 16, 2, 8, 0, 64, 16, 0, 0, 0, 0, 2, 0, 0, 0, 0, 424, N/A, N/A, UP, 1
8, 16, 2, 8, 0, 64, 16, 2, 0, 0, 0, 0, 2, 0, 0, 0, 424, N/A, N/A, LEFT, 1
8, 16, 2, 8, 64, 16, 2, 0, 2, 0, 0, 0, 2, 0, 0, 0, 424, N/A, N/A, RIGHT, 1
8, 16, 2, 8, 0, 64, 16, 2, 0, 0, 0, 2, 0, 0, 2, 2, 424, N/A, N/A, LEFT, 1
8, 16, 2, 8, 64, 16, 2, 0, 2, 0, 0, 0, 4, 0, 2, 0, 428, N/A, N/A, RIGHT, 1
8, 16, 2, 8, 0, 64, 16, 2, 0, 0, 0, 2, 0, 2, 4, 2, 428, N/A, N/A, LEFT, 1
8, 16, 2, 8, 64, 16, 2, 0, 2, 0, 0, 2, 2, 4, 2, 0, 428, N/A, N/A, LEFT, 1
8, 16, 2, 8, 64, 16, 2, 0, 4, 2, 0, 0, 2, 4, 2, 0, 432, N/A, N/A, UP, 1
8, 32, 4, 8, 64, 2, 2, 0, 4, 4, 2, 0, 2, 0, 0, 0, 468, N/A, N/A, LEFT, 1
8, 32, 4, 8, 64, 4, 0, 0, 8, 2, 0, 0, 2, 2, 0, 0, 480, N/A, N/A, DOWN, 1
8, 0, 0, 0, 64, 0, 0, 0, 8, 32, 0, 2, 2, 8, 4, 8, 492, N/A, N/A, LEFT, 1
8, 0, 0, 0, 64, 0, 0, 2, 8, 32, 2, 0, 2, 8, 4, 8, 492, N/A, N/A, DOWN, 1
8, 0, 0, 2, 64, 0, 0, 0, 8, 32, 2, 2, 2, 8, 4, 8, 492, N/A, N/A, DOWN, 1
8, 0, 0, 0, 64, 2, 0, 0, 8, 32, 2, 4, 2, 8, 4, 8, 496, N/A, N/A, UP, 1
8, 2, 2, 4, 64, 32, 4, 8, 8, 8, 2, 0, 2, 0, 0, 0, 496, N/A, N/A, RIGHT, 1
2, 8, 4, 4, 64, 32, 4, 8, 0, 0, 16, 2, 0, 0, 0, 2, 516, N/A, N/A, LEFT, 1
2, 8, 8, 0, 64, 32, 4, 8, 16, 2, 0, 0, 2, 2, 0, 0, 524, N/A, N/A, LEFT, 1
2, 16, 0, 0, 64, 32, 4, 8, 16, 2, 0, 2, 4, 0, 0, 0, 544, N/A, N/A, LEFT, 1
2, 16, 0, 0, 64, 32, 4, 8, 16, 4, 0, 0, 4, 0, 0, 2, 548, N/A, N/A, RIGHT, 1
0, 0, 2, 16, 64, 32, 4, 8, 0, 0, 16, 4, 2, 0, 4, 2, 548, N/A, N/A, LEFT, 1
2, 16, 2, 0, 64, 32, 4, 8, 16, 4, 0, 0, 2, 4, 2, 0, 548, N/A, N/A, DOWN, 1
2, 0, 0, 0, 64, 16, 2, 2, 16, 32, 4, 0, 2, 8, 2, 8, 556, N/A, N/A, LEFT, 1
2, 0, 2, 0, 64, 16, 4, 0, 16, 32, 4, 0, 2, 8, 2, 8, 560, N/A, N/A, UP, 1
2, 16, 2, 8, 64, 32, 8, 0, 16, 8, 2, 0, 2, 0, 2, 0, 568, N/A, N/A, LEFT, 1
2, 16, 2, 8, 64, 32, 8, 0, 16, 8, 2, 0, 4, 2, 0, 0, 572, N/A, N/A, RIGHT, 1
2, 16, 2, 8, 0, 64, 32, 8, 0, 16, 8, 2, 0, 2, 4, 2, 572, N/A, N/A, UP, 1
2, 16, 2, 16, 0, 64, 32, 4, 0, 16, 8, 0, 0, 2, 4, 2, 592, N/A, N/A, RIGHT, 1
2, 16, 2, 16, 0, 64, 32, 4, 0, 2, 16, 8, 0, 2, 4, 2, 592, N/A, N/A, LEFT, 1
2, 16, 2, 16, 64, 32, 4, 2, 2, 16, 8, 0, 2, 4, 2, 0, 592, N/A, N/A, UP, 1
2, 16, 2, 16, 64, 32, 4, 2, 4, 16, 8, 0, 4, 4, 2, 0, 596, N/A, N/A, UP, 1
2, 16, 2, 16, 64, 32, 4, 2, 8, 16, 8, 0, 0, 4, 2, 2, 604, N/A, N/A, DOWN, 1
2, 16, 2, 0, 2, 32, 4, 0, 64, 16, 8, 16, 8, 4, 2, 4, 608, N/A, N/A, DOWN, 1
0, 16, 2, 2, 4, 32, 4, 0, 64, 16, 8, 16, 8, 4, 2, 4, 612, N/A, N/A, LEFT, 1
16, 4, 0, 0, 4, 32, 4, 2, 64, 16, 8, 16, 8, 4, 2, 4, 616, N/A, N/A, RIGHT, 1
2, 0, 16, 4, 4, 32, 4, 2, 64, 16, 8, 16, 8, 4, 2, 4, 616, N/A, N/A, RIGHT, 1
2, 2, 16, 4, 4, 32, 4, 2, 64, 16, 8, 16, 8, 4, 2, 4, 616, N/A, N/A, LEFT, 1
4, 16, 4, 2, 4, 32, 4, 2, 64, 16, 8, 16, 8, 4, 2, 4, 620, N/A, N/A, UP, 1
8, 16, 16, 4, 64, 32, 2, 16, 8, 16, 0, 4, 2, 4, 0, 0, 656, N/A, N/A, LEFT, 1
8, 32, 4, 0, 64, 32, 2, 16, 8, 16, 4, 0, 2, 4, 0, 2, 688, N/A, N/A, UP, 1
8, 64, 4, 16, 64, 16, 2, 2, 8, 4, 4, 2, 2, 0, 0, 0, 752, N/A, N/A, DOWN, 1
8, 0, 0, 2, 64, 64, 4, 0, 8, 16, 2, 16, 2, 4, 4, 4, 756, N/A, N/A, LEFT, 1
8, 2, 0, 2, 128, 4, 0, 0, 8, 16, 2, 16, 2, 8, 4, 0, 892, N/A, N/A, DOWN, 1
8, 2, 2, 0, 128, 4, 0, 0, 8, 16, 2, 2, 2, 8, 4, 16, 892, N/A, N/A, UP, 1
8, 2, 8, 2, 128, 4, 2, 16, 8, 16, 0, 0, 2, 8, 0, 0, 904, N/A, N/A, RIGHT, 1
8, 2, 8, 2, 128, 4, 2, 16, 0, 0, 8, 16, 0, 2, 2, 8, 904, N/A, N/A, RIGHT, 1
8, 2, 8, 2, 128, 4, 2, 16, 0, 2, 8, 16, 0, 0, 4, 8, 908, N/A, N/A, LEFT, 1
8, 2, 8, 2, 128, 4, 2, 16, 2, 8, 16, 0, 4, 8, 0, 2, 908, N/A, N/A, RIGHT, 1
8, 2, 8, 2, 128, 4, 2, 16, 2, 2, 8, 16, 0, 4, 8, 2, 908, N/A, N/A, RIGHT, 1
8, 2, 8, 2, 128, 4, 2, 16, 0, 4, 8, 16, 2, 4, 8, 2, 912, N/A, N/A, LEFT, 1
8, 2, 8, 2, 128, 4, 2, 16, 4, 8, 16, 2, 2, 4, 8, 2, 912, N/A, N/A, UP, 1
0, 0, 0, 0, 0, 2, 0, 0, 0, 0, 0, 0, 0, 0, 0, 0, 0, N/A, N/A, DOWN, 2
0, 0, 0, 0, 0, 0, 0, 0, 0, 2, 0, 0, 0, 2, 0, 0, 0, N/A, N/A, RIGHT, 2
2, 0, 0, 0, 0, 0, 0, 0, 0, 0, 0, 2, 0, 0, 0, 2, 0, N/A, N/A, DOWN, 2
2, 0, 0, 0, 0, 0, 0, 0, 0, 0, 0, 0, 2, 0, 0, 4, 4, N/A, N/A, LEFT, 2
2, 0, 0, 0, 0, 2, 0, 0, 0, 0, 0, 0, 2, 4, 0, 0, 4, N/A, N/A, UP, 2
4, 2, 0, 0, 0, 4, 0, 0, 0, 0, 0, 0, 4, 0, 0, 0, 8, N/A, N/A, DOWN, 2
0, 0, 0, 0, 0, 0, 0, 0, 0, 2, 2, 0, 8, 4, 0, 0, 16, N/A, N/A, UP, 2
8, 2, 2, 0, 0, 4, 0, 0, 2, 0, 0, 0, 0, 0, 0, 0, 16, N/A, N/A, RIGHT, 2
0, 0, 8, 4, 0, 0, 0, 4, 0, 0, 0, 2, 0, 0, 0, 4, 20, N/A, N/A, LEFT, 2
8, 4, 0, 0, 4, 0, 0, 0, 2, 0, 0, 0, 4, 0, 0, 2, 20, N/A, N/A, RIGHT, 2
0, 0, 8, 4, 0, 0, 2, 4, 0, 0, 0, 2, 0, 0, 4, 2, 20, N/A, N/A, UP, 2
0, 0, 8, 8, 0, 2, 2, 4, 0, 0, 4, 0, 0, 0, 0, 0, 32, N/A, N/A, DOWN, 2
0, 0, 0, 0, 0, 0, 8, 2, 0, 0, 2, 8, 0, 2, 4, 4, 32, N/A, N/A, UP, 2
0, 2, 8, 2, 0, 0, 2, 8, 2, 0, 4, 4, 0, 0, 0, 0, 32, N/A, N/A, UP, 2
2, 2, 8, 2, 0, 0, 2, 8, 0, 2, 4, 4, 0, 0, 0, 0, 32, N/A, N/A, RIGHT, 2
0, 4, 8, 2, 0, 0, 2, 8, 2, 0, 2, 8, 0, 0, 0, 0, 44, N/A, N/A, RIGHT, 2
0, 4, 8, 2, 0, 0, 2, 8, 2, 0, 4, 8, 0, 0, 0, 0, 48, N/A, N/A, DOWN, 2
0, 0, 0, 0, 0, 0, 8, 2, 0, 0, 2, 2, 2, 4, 4, 16, 64, N/A, N/A, RIGHT, 2
0, 2, 0, 0, 0, 0, 8, 2, 0, 0, 0, 4, 0, 2, 8, 16, 76, N/A, N/A, UP, 2
0, 4, 16, 2, 0, 2, 0, 4, 0, 0, 0, 16, 0, 0, 0, 0, 96, N/A, N/A, DOWN, 2
2, 0, 0, 0, 0, 0, 0, 2, 0, 4, 0, 4, 0, 2, 16, 16, 96, N/A, N/A, DOWN, 2
0, 0, 0, 0, 0, 0, 2, 2, 0, 4, 0, 4, 2, 2, 16, 16, 96, N/A, N/A, UP, 2
2, 4, 2, 2, 4, 2, 16, 4, 0, 0, 0, 16, 0, 0, 0, 0, 96, N/A, N/A, DOWN, 2
0, 0, 0, 0, 0, 2, 0, 2, 2, 4, 2, 4, 4, 2, 16, 16, 96, N/A, N/A, UP, 2
2, 2, 2, 2, 4, 4, 16, 4, 0, 2, 0, 16, 0, 2, 0, 0, 96, N/A, N/A, DOWN, 2
0, 0, 0, 0, 2, 0, 0, 2, 2, 2, 2, 4, 4, 8, 16, 16, 108, N/A, N/A, UP, 2
8, 2, 2, 2, 0, 8, 16, 4, 0, 0, 0, 16, 0, 0, 2, 0, 120, N/A, N/A, LEFT, 2
8, 4, 2, 2, 8, 16, 4, 0, 16, 0, 0, 0, 2, 0, 0, 0, 124, N/A, N/A, RIGHT, 2
0, 0, 0, 16, 0, 8, 16, 4, 0, 0, 2, 16, 0, 0, 0, 2, 152, N/A, N/A, DOWN, 2
0, 0, 0, 16, 0, 2, 0, 4, 0, 0, 16, 16, 0, 8, 2, 2, 152, N/A, N/A, UP, 2
0, 2, 16, 16, 2, 8, 2, 4, 0, 0, 0, 16, 0, 0, 0, 2, 152, N/A, N/A, UP, 2
2, 2, 16, 16, 0, 8, 2, 4, 0, 0, 0, 16, 2, 0, 0, 2, 152, N/A, N/A, UP, 2
4, 2, 16, 16, 0, 8, 2, 4, 2, 0, 0, 16, 0, 0, 0, 2, 156, N/A, N/A, RIGHT, 2
0, 4, 2, 32, 2, 8, 2, 4, 0, 0, 2, 16, 0, 0, 0, 2, 188, N/A, N/A, DOWN, 2
0, 2, 0, 32, 0, 0, 0, 4, 0, 4, 2, 16, 2, 8, 4, 2, 192, N/A, N/A, UP, 2
2, 2, 2, 32, 0, 4, 4, 4, 0, 8, 2, 16, 0, 0, 0, 2, 192, N/A, N/A, DOWN, 2
0, 0, 2, 32, 0, 2, 2, 4, 0, 4, 4, 16, 2, 8, 2, 2, 192, N/A, N/A, DOWN, 2
0, 0, 2, 32, 0, 2, 4, 4, 0, 4, 4, 16, 2, 8, 2, 2, 196, N/A, N/A, UP, 2
2, 2, 2, 32, 0, 4, 8, 4, 2, 8, 2, 16, 0, 0, 0, 2, 204, N/A, N/A, LEFT, 2
4, 2, 32, 0, 4, 8, 4, 0, 2, 8, 2, 16, 2, 0, 0, 2, 208, N/A, N/A, LEFT, 2
4, 2, 32, 0, 4, 8, 4, 0, 2, 8, 2, 16, 4, 2, 0, 0, 212, N/A, N/A, UP, 2
8, 2, 32, 16, 2, 16, 4, 2, 4, 2, 2, 0, 0, 0, 0, 0, 236, N/A, N/A, RIGHT, 2
8, 2, 32, 16, 2, 16, 4, 2, 0, 0, 0, 8, 0, 0, 4, 0, 248, N/A, N/A, RIGHT, 2
8, 2, 32, 16, 2, 16, 4, 2, 2, 0, 0, 8, 0, 0, 0, 4, 248, N/A, N/A, UP, 2
8, 2, 32, 16, 4, 16, 4, 2, 0, 0, 2, 8, 0, 0, 0, 4, 252, N/A, N/A, DOWN, 2
2, 0, 0, 16, 0, 0, 32, 2, 8, 2, 4, 8, 4, 16, 2, 4, 252, N/A, N/A, LEFT, 2
2, 16, 0, 0, 32, 2, 2, 0, 8, 2, 4, 8, 4, 16, 2, 4, 252, N/A, N/A, DOWN, 2
2, 2, 0, 0, 32, 16, 2, 0, 8, 4, 4, 8, 4, 16, 2, 4, 256, N/A, N/A, RIGHT, 2
0, 0, 0, 4, 0, 32, 16, 2, 0, 2, 16, 8, 4, 16, 2, 4, 284, N/A, N/A, DOWN, 2
0, 0, 0, 4, 0, 32, 2, 2, 0, 2, 32, 8, 4, 16, 2, 4, 316, N/A, N/A, RIGHT, 2
0, 0, 0, 4, 0, 2, 32, 4, 0, 2, 32, 8, 4, 16, 2, 4, 320, N/A, N/A, UP, 2
4, 4, 64, 16, 0, 16, 2, 4, 0, 0, 0, 2, 0, 0, 0, 0, 412, N/A, N/A, RIGHT, 2
0, 8, 64, 16, 2, 16, 2, 4, 0, 0, 0, 2, 0, 0, 0, 0, 420, N/A, N/A, DOWN, 2
0, 0, 2, 0, 0, 0, 0, 16, 0, 8, 64, 4, 2, 16, 2, 2, 420, N/A, N/A, UP, 2
2, 8, 2, 16, 2, 16, 64, 4, 0, 0, 2, 2, 0, 0, 0, 0, 420, N/A, N/A, LEFT, 2
2, 8, 2, 16, 2, 16, 64, 4, 4, 0, 2, 0, 0, 0, 0, 0, 424, N/A, N/A, LEFT, 2
2, 8, 2, 16, 2, 16, 64, 4, 4, 2, 0, 0, 0, 2, 0, 0, 424, N/A, N/A, RIGHT, 2
2, 8, 2, 16, 2, 16, 64, 4, 0, 0, 4, 2, 0, 0, 2, 2, 424, N/A, N/A, UP, 2
4, 8, 2, 16, 0, 16, 64, 4, 0, 0, 4, 4, 0, 2, 2, 0, 432, N/A, N/A, DOWN, 2
0, 0, 2, 0, 0, 8, 64, 2, 0, 16, 4, 16, 4, 2, 2, 8, 440, N/A, N/A, RIGHT, 2
0, 0, 0, 2, 0, 8, 64, 2, 2, 16, 4, 16, 0, 0, 8, 8, 452, N/A, N/A, LEFT, 2
2, 2, 0, 0, 8, 64, 2, 0, 2, 16, 4, 16, 16, 0, 0, 0, 468, N/A, N/A, RIGHT, 2
0, 0, 0, 4, 0, 8, 64, 2, 2, 16, 4, 16, 2, 0, 0, 16, 472, N/A, N/A, LEFT, 2
4, 0, 0, 2, 8, 64, 2, 0, 2, 16, 4, 16, 2, 16, 0, 0, 472, N/A, N/A, DOWN, 2
2, 0, 0, 0, 4, 0, 0, 0, 8, 64, 2, 2, 4, 32, 4, 16, 508, N/A, N/A, RIGHT, 2
0, 0, 2, 2, 0, 0, 0, 4, 0, 8, 64, 4, 4, 32, 4, 16, 512, N/A, N/A, DOWN, 2
0, 2, 0, 0, 0, 0, 2, 2, 0, 8, 64, 8, 4, 32, 4, 16, 520, N/A, N/A, DOWN, 2
0, 0, 0, 0, 2, 2, 2, 2, 0, 8, 64, 8, 4, 32, 4, 16, 520, N/A, N/A, UP, 2
2, 2, 2, 2, 4, 8, 64, 8, 0, 32, 4, 16, 0, 0, 2, 0, 520, N/A, N/A, DOWN, 2
0, 4, 2, 0, 0, 2, 64, 2, 2, 8, 4, 8, 4, 32, 2, 16, 520, N/A, N/A, UP, 2
2, 4, 2, 2, 4, 2, 64, 8, 0, 8, 4, 16, 0, 32, 2, 2, 520, N/A, N/A, DOWN, 2
0, 4, 2, 2, 2, 2, 64, 8, 2, 8, 4, 16, 4, 32, 2, 2, 520, N/A, N/A, RIGHT, 2
0, 0, 2, 8, 0, 4, 64, 8, 2, 8, 4, 16, 0, 4, 32, 4, 540, N/A, N/A, LEFT, 2
2, 8, 0, 0, 4, 64, 8, 2, 2, 8, 4, 16, 4, 32, 4, 0, 540, N/A, N/A, UP, 2
2, 8, 8, 2, 4, 64, 8, 16, 2, 8, 0, 0, 4, 32, 0, 2, 548, N/A, N/A, UP, 2
2, 8, 16, 2, 4, 64, 2, 16, 2, 8, 0, 2, 4, 32, 0, 0, 564, N/A, N/A, LEFT, 2
2, 8, 16, 2, 4, 64, 2, 16, 2, 8, 2, 2, 4, 32, 0, 0, 564, N/A, N/A, RIGHT, 2
2, 8, 16, 2, 4, 64, 2, 16, 0, 2, 8, 4, 0, 2, 4, 32, 568, N/A, N/A, LEFT, 2
2, 8, 16, 2, 4, 64, 2, 16, 2, 8, 4, 2, 2, 4, 32, 0, 568, N/A, N/A, UP, 2
2, 8, 16, 2, 4, 64, 2, 16, 4, 8, 4, 2, 4, 4, 32, 0, 572, N/A, N/A, LEFT, 2
2, 8, 16, 2, 4, 64, 2, 16, 4, 8, 4, 2, 8, 32, 2, 0, 580, N/A, N/A, RIGHT, 2
2, 8, 16, 2, 4, 64, 2, 16, 4, 8, 4, 2, 2, 8, 32, 2, 580, N/A, N/A, UP, 2
2, 8, 16, 2, 8, 64, 2, 16, 2, 16, 4, 4, 0, 2, 32, 0, 608, N/A, N/A, LEFT, 2
2, 8, 16, 2, 8, 64, 2, 16, 2, 16, 8, 0, 2, 32, 0, 2, 616, N/A, N/A, DOWN, 2
2, 8, 0, 0, 2, 64, 16, 2, 8, 16, 2, 16, 4, 32, 8, 2, 620, N/A, N/A, UP, 2
4, 8, 16, 2, 8, 64, 2, 16, 4, 16, 8, 2, 0, 32, 0, 2, 624, N/A, N/A, LEFT, 2
4, 8, 16, 2, 8, 64, 2, 16, 4, 16, 8, 2, 32, 2, 2, 0, 624, N/A, N/A, RIGHT, 2
4, 8, 16, 2, 8, 64, 2, 16, 4, 16, 8, 2, 2, 0, 32, 4, 628, N/A, N/A, RIGHT, 2
4, 8, 16, 2, 8, 64, 2, 16, 4, 16, 8, 2, 2, 2, 32, 4, 628, N/A, N/A, RIGHT, 2
0, 0, 0, 0, 0, 2, 0, 0, 0, 2, 0, 0, 0, 0, 0, 0, 0, N/A, N/A, LEFT, 3
0, 2, 0, 0, 2, 0, 0, 0, 2, 0, 0, 0, 0, 0, 0, 0, 0, N/A, N/A, RIGHT, 3
2, 0, 0, 2, 0, 0, 0, 2, 0, 0, 0, 2, 0, 0, 0, 0, 0, N/A, N/A, RIGHT, 3
0, 0, 0, 4, 0, 0, 2, 2, 0, 0, 0, 2, 0, 0, 0, 0, 4, N/A, N/A, LEFT, 3
4, 0, 0, 2, 4, 0, 0, 0, 2, 0, 0, 0, 0, 0, 0, 0, 8, N/A, N/A, UP, 3
8, 0, 0, 2, 2, 0, 0, 0, 0, 0, 0, 2, 0, 0, 0, 0, 16, N/A, N/A, LEFT, 3
8, 2, 0, 0, 2, 0, 0, 0, 2, 0, 0, 0, 0, 0, 2, 0, 16, N/A, N/A, DOWN, 3
0, 0, 0, 0, 0, 0, 0, 0, 8, 2, 0, 0, 4, 2, 2, 0, 20, N/A, N/A, RIGHT, 3
0, 0, 0, 0, 0, 0, 2, 0, 0, 0, 8, 2, 0, 0, 0, 8, 32, N/A, N/A, RIGHT, 3
0, 0, 0, 0, 0, 0, 0, 2, 0, 0, 8, 2, 2, 0, 0, 8, 32, N/A, N/A, UP, 3
2, 0, 8, 4, 0, 2, 0, 8, 0, 0, 0, 0, 0, 0, 0, 0, 36, N/A, N/A, RIGHT, 3
2, 2, 8, 4, 0, 0, 2, 8, 0, 0, 0, 0, 0, 0, 0, 0, 36, N/A, N/A, DOWN, 3
0, 0, 0, 0, 0, 0, 2, 0, 0, 0, 8, 4, 2, 2, 2, 8, 36, N/A, N/A, RIGHT, 3
0, 0, 0, 0, 0, 0, 0, 2, 0, 0, 8, 4, 4, 2, 4, 8, 40, N/A, N/A, LEFT, 3
0, 4, 0, 0, 2, 0, 0, 0, 8, 4, 0, 0, 4, 2, 4, 8, 40, N/A, N/A, LEFT, 3
4, 0, 0, 0, 2, 0, 0, 4, 8, 4, 0, 0, 4, 2, 4, 8, 40, N/A, N/A, LEFT, 3
4, 2, 0, 0, 2, 4, 0, 0, 8, 4, 0, 0, 4, 2, 4, 8, 40, N/A, N/A, UP, 3
4, 2, 4, 8, 2, 8, 0, 0, 8, 2, 0, 0, 4, 2, 0, 0, 48, N/A, N/A, RIGHT, 3
4, 2, 4, 8, 0, 0, 2, 8, 0, 0, 8, 2, 2, 0, 4, 2, 48, N/A, N/A, DOWN, 3
0, 0, 4, 0, 2, 0, 2, 0, 4, 0, 8, 16, 2, 2, 4, 4, 68, N/A, N/A, RIGHT, 3
0, 0, 0, 4, 0, 2, 0, 4, 0, 4, 8, 16, 0, 0, 4, 8, 84, N/A, N/A, UP, 3
0, 2, 8, 8, 0, 4, 4, 16, 0, 0, 0, 8, 0, 0, 0, 2, 92, N/A, N/A, DOWN, 3
0, 0, 0, 8, 0, 0, 0, 16, 2, 2, 8, 8, 0, 4, 4, 2, 92, N/A, N/A, RIGHT, 3
0, 0, 0, 8, 0, 0, 0, 16, 2, 0, 4, 16, 0, 0, 8, 2, 120, N/A, N/A, LEFT, 3
8, 0, 0, 0, 16, 2, 0, 0, 2, 4, 16, 0, 8, 2, 0, 0, 120, N/A, N/A, RIGHT, 3
0, 0, 0, 8, 0, 0, 16, 2, 2, 2, 4, 16, 0, 0, 8, 2, 120, N/A, N/A, LEFT, 3
8, 4, 0, 0, 16, 2, 0, 0, 8, 16, 0, 0, 8, 2, 0, 0, 132, N/A, N/A, RIGHT, 3
0, 0, 8, 4, 0, 0, 16, 2, 0, 0, 8, 16, 0, 2, 8, 2, 132, N/A, N/A, LEFT, 3
8, 4, 0, 2, 16, 2, 0, 0, 8, 16, 0, 0, 2, 8, 2, 0, 132, N/A, N/A, UP, 3
8, 4, 2, 2, 16, 2, 0, 2, 8, 16, 0, 0, 2, 8, 0, 0, 132, N/A, N/A, DOWN, 3
8, 4, 0, 0, 16, 2, 0, 0, 8, 16, 2, 0, 2, 8, 2, 4, 136, N/A, N/A, DOWN, 3
8, 4, 0, 2, 16, 2, 0, 0, 8, 16, 0, 0, 2, 8, 4, 4, 140, N/A, N/A, LEFT, 3
8, 4, 2, 0, 16, 2, 2, 0, 8, 16, 0, 0, 2, 8, 8, 0, 148, N/A, N/A, UP, 3
8, 4, 4, 0, 16, 2, 8, 0, 8, 16, 0, 0, 2, 8, 0, 2, 152, N/A, N/A, RIGHT, 3
2, 0, 0, 16, 0, 16, 2, 8, 0, 0, 8, 16, 0, 2, 8, 2, 176, N/A, N/A, DOWN, 3
0, 0, 0, 16, 2, 0, 0, 8, 0, 16, 2, 16, 2, 2, 16, 2, 192, N/A, N/A, UP, 3
4, 16, 2, 16, 2, 2, 16, 8, 0, 0, 0, 16, 0, 0, 0, 2, 196, N/A, N/A, DOWN, 3
0, 2, 0, 16, 0, 0, 0, 8, 4, 16, 2, 16, 2, 2, 16, 2, 196, N/A, N/A, RIGHT, 3
0, 0, 2, 16, 0, 0, 0, 8, 4, 16, 2, 16, 2, 4, 16, 2, 200, N/A, N/A, LEFT, 3
2, 16, 0, 0, 8, 2, 0, 0, 4, 16, 2, 16, 2, 4, 16, 2, 200, N/A, N/A, UP, 3
2, 16, 2, 16, 8, 2, 16, 2, 4, 16, 0, 0, 2, 4, 2, 0, 200, N/A, N/A, DOWN, 3
2, 16, 2, 0, 8, 2, 2, 0, 4, 16, 16, 16, 2, 4, 2, 2, 200, N/A, N/A, UP, 3
2, 16, 4, 16, 8, 2, 16, 2, 4, 16, 2, 2, 2, 4, 0, 0, 204, N/A, N/A, RIGHT, 3
2, 16, 4, 16, 8, 2, 16, 2, 0, 4, 16, 4, 0, 2, 2, 4, 208, N/A, N/A, DOWN, 3
0, 16, 0, 0, 4, 2, 4, 16, 2, 4, 32, 2, 8, 2, 2, 8, 248, N/A, N/A, UP, 3
4, 16, 4, 16, 2, 2, 32, 2, 8, 4, 2, 8, 2, 2, 0, 0, 248, N/A, N/A, DOWN, 3
4, 16, 2, 0, 2, 2, 4, 16, 8, 4, 32, 2, 2, 2, 2, 8, 248, N/A, N/A, UP, 3
4, 16, 2, 16, 2, 2, 4, 2, 8, 4, 32, 8, 2, 2, 2, 2, 248, N/A, N/A, RIGHT, 3
4, 16, 2, 16, 0, 4, 4, 2, 8, 4, 32, 8, 2, 0, 4, 4, 260, N/A, N/A, LEFT, 3
4, 16, 2, 16, 8, 2, 0, 2, 8, 4, 32, 8, 2, 8, 0, 0, 276, N/A, N/A, RIGHT, 3
4, 16, 2, 16, 0, 0, 8, 4, 8, 4, 32, 8, 0, 2, 2, 8, 280, N/A, N/A, UP, 3
4, 16, 2, 16, 8, 4, 8, 4, 0, 2, 32, 16, 0, 0, 2, 2, 296, N/A, N/A, DOWN, 3
0, 2, 2, 16, 0, 16, 8, 4, 4, 4, 32, 16, 8, 2, 2, 2, 296, N/A, N/A, RIGHT, 3
0, 0, 4, 16, 0, 16, 8, 4, 2, 8, 32, 16, 0, 8, 2, 4, 312, N/A, N/A, DOWN, 3
0, 0, 4, 16, 0, 0, 8, 4, 2, 0, 32, 16, 2, 32, 2, 4, 360, N/A, N/A, RIGHT, 3
0, 2, 4, 16, 0, 0, 8, 4, 0, 2, 32, 16, 2, 32, 2, 4, 360, N/A, N/A, DOWN, 3
4, 0, 4, 16, 0, 0, 8, 4, 0, 4, 32, 16, 2, 32, 2, 4, 364, N/A, N/A, LEFT, 3
8, 16, 0, 0, 8, 4, 0, 4, 4, 32, 16, 0, 2, 32, 2, 4, 372, N/A, N/A, RIGHT, 3
0, 0, 8, 16, 2, 0, 0, 16, 0, 4, 32, 16, 2, 32, 2, 4, 396, N/A, N/A, RIGHT, 3
0, 2, 8, 16, 0, 0, 2, 16, 0, 4, 32, 16, 2, 32, 2, 4, 396, N/A, N/A, DOWN, 3
0, 0, 8, 0, 0, 2, 2, 16, 2, 4, 32, 32, 2, 32, 2, 4, 428, N/A, N/A, UP, 3
4, 2, 8, 16, 2, 4, 2, 32, 0, 32, 32, 4, 0, 0, 2, 0, 432, N/A, N/A, DOWN, 3
2, 0, 8, 0, 0, 2, 2, 16, 4, 4, 32, 32, 2, 32, 2, 4, 432, N/A, N/A, DOWN, 3
4, 0, 8, 0, 2, 2, 2, 16, 4, 4, 32, 32, 2, 32, 2, 4, 432, N/A, N/A, UP, 3
4, 2, 8, 16, 2, 4, 2, 32, 4, 32, 32, 4, 2, 2, 2, 0, 432, N/A, N/A, DOWN, 3
4, 2, 8, 2, 2, 4, 2, 16, 4, 32, 32, 32, 2, 2, 2, 4, 432, N/A, N/A, LEFT, 3
4, 2, 8, 2, 2, 4, 2, 16, 4, 64, 32, 4, 4, 2, 4, 0, 500, N/A, N/A, DOWN, 3
0, 2, 8, 2, 4, 4, 2, 2, 2, 64, 32, 16, 8, 2, 4, 4, 508, N/A, N/A, RIGHT, 3
0, 2, 8, 2, 0, 2, 4, 8, 2, 64, 32, 16, 0, 8, 2, 8, 528, N/A, N/A, DOWN, 3
0, 2, 8, 2, 0, 4, 4, 8, 0, 64, 32, 16, 2, 8, 2, 8, 532, N/A, N/A, LEFT, 3
2, 8, 2, 0, 16, 0, 0, 0, 64, 32, 16, 2, 2, 8, 2, 8, 556, N/A, N/A, UP, 3
2, 8, 2, 2, 16, 32, 16, 8, 64, 8, 2, 0, 2, 2, 0, 0, 556, N/A, N/A, LEFT, 3
2, 8, 4, 0, 16, 32, 16, 8, 64, 8, 2, 0, 4, 0, 0, 2, 564, N/A, N/A, RIGHT, 3
0, 2, 8, 4, 16, 32, 16, 8, 2, 64, 8, 2, 0, 0, 4, 2, 564, N/A, N/A, DOWN, 3
2, 0, 8, 0, 0, 2, 16, 4, 16, 32, 8, 8, 2, 64, 4, 4, 568, N/A, N/A, UP, 3
2, 2, 8, 4, 16, 32, 16, 8, 2, 64, 8, 4, 0, 2, 4, 0, 568, N/A, N/A, RIGHT, 3
2, 4, 8, 4, 16, 32, 16, 8, 2, 64, 8, 4, 0, 0, 2, 4, 572, N/A, N/A, DOWN, 3
2, 0, 8, 0, 2, 4, 16, 0, 16, 32, 8, 4, 2, 64, 2, 16, 596, N/A, N/A, RIGHT, 3
2, 0, 2, 8, 0, 2, 4, 16, 16, 32, 8, 4, 2, 64, 2, 16, 596, N/A, N/A, DOWN, 3
2, 0, 2, 8, 2, 2, 4, 16, 16, 32, 8, 4, 2, 64, 2, 16, 596, N/A, N/A, UP, 3
4, 2, 2, 8, 16, 32, 4, 16, 2, 64, 8, 4, 0, 2, 2, 16, 600, N/A, N/A, RIGHT, 3
2, 0, 8, 8, 16, 32, 4, 16, 2, 64, 8, 4, 0, 0, 4, 16, 616, N/A, N/A, DOWN, 3
0, 2, 8, 8, 2, 0, 4, 16, 16, 32, 8, 4, 2, 64, 4, 16, 616, N/A, N/A, UP, 3
2, 2, 8, 8, 16, 32, 4, 16, 2, 64, 8, 4, 0, 4, 4, 16, 616, N/A, N/A, RIGHT, 3
0, 2, 4, 16, 16, 32, 4, 16, 2, 64, 8, 4, 0, 0, 8, 16, 644, N/A, N/A, LEFT, 3
2, 4, 16, 4, 16, 32, 4, 16, 2, 64, 8, 4, 8, 16, 0, 0, 644, N/A, N/A, DOWN, 3
2, 4, 2, 0, 16, 32, 16, 4, 2, 64, 4, 16, 8, 16, 8, 4, 644, N/A, N/A, UP, 3
2, 4, 2, 4, 16, 32, 16, 16, 2, 64, 4, 4, 8, 16, 8, 2, 644, N/A, N/A, LEFT, 3
2, 4, 2, 4, 16, 32, 32, 0, 2, 64, 8, 2, 8, 16, 8, 2, 684, N/A, N/A, LEFT, 3
2, 4, 2, 4, 16, 64, 0, 2, 2, 64, 8, 2, 8, 16, 8, 2, 748, N/A, N/A, UP, 3
2, 4, 2, 4, 16, 128, 16, 4, 2, 16, 0, 2, 8, 0, 0, 2, 896, N/A, N/A, UP, 3
2, 4, 2, 8, 16, 128, 16, 4, 2, 16, 0, 0, 8, 0, 0, 2, 908, N/A, N/A, DOWN, 3
2, 0, 2, 0, 16, 4, 0, 8, 2, 128, 2, 4, 8, 16, 16, 2, 908, N/A, N/A, UP, 3
2, 4, 4, 8, 16, 128, 16, 4, 2, 16, 0, 2, 8, 4, 0, 0, 912, N/A, N/A, DOWN, 3
2, 4, 0, 0, 16, 128, 2, 8, 2, 16, 4, 4, 8, 4, 16, 2, 912, N/A, N/A, LEFT, 3
2, 4, 0, 0, 16, 128, 2, 8, 2, 16, 8, 2, 8, 4, 16, 2, 920, N/A, N/A, RIGHT, 3
2, 0, 2, 4, 16, 128, 2, 8, 2, 16, 8, 2, 8, 4, 16, 2, 920, N/A, N/A, LEFT, 3
8, 0, 2, 0, 16, 128, 2, 8, 2, 16, 8, 2, 8, 4, 16, 2, 932, N/A, N/A, UP, 3
8, 128, 4, 8, 16, 16, 8, 4, 2, 4, 16, 0, 8, 0, 0, 2, 940, N/A, N/A, DOWN, 3
8, 2, 0, 0, 16, 128, 4, 8, 2, 16, 8, 4, 8, 4, 16, 2, 940, N/A, N/A, RIGHT, 3
2, 0, 8, 2, 16, 128, 4, 8, 2, 16, 8, 4, 8, 4, 16, 2, 940, N/A, N/A, RIGHT, 3
2, 2, 8, 2, 16, 128, 4, 8, 2, 16, 8, 4, 8, 4, 16, 2, 940, N/A, N/A, RIGHT, 3
4, 4, 8, 2, 16, 128, 4, 8, 2, 16, 8, 4, 8, 4, 16, 2, 944, N/A, N/A, LEFT, 3
16, 2, 2, 0, 16, 128, 4, 8, 2, 16, 8, 4, 8, 4, 16, 2, 968, N/A, N/A, RIGHT, 3
0, 2, 16, 4, 16, 128, 4, 8, 2, 16, 8, 4, 8, 4, 16, 2, 972, N/A, N/A, LEFT, 3
2, 16, 4, 2, 16, 128, 4, 8, 2, 16, 8, 4, 8, 4, 16, 2, 972, N/A, N/A, UP, 3
2, 16, 32, 2, 16, 128, 2, 8, 2, 16, 0, 4, 8, 4, 0, 2, 1028, N/A, N/A, DOWN, 3
2, 16, 0, 2, 16, 128, 2, 8, 2, 16, 32, 4, 8, 4, 2, 2, 1028, N/A, N/A, LEFT, 3
2, 16, 2, 0, 16, 128, 2, 8, 2, 16, 32, 4, 8, 4, 4, 2, 1032, N/A, N/A, DOWN, 3
2, 16, 0, 2, 16, 128, 4, 8, 2, 16, 32, 4, 8, 4, 4, 2, 1036, N/A, N/A, RIGHT, 3
0, 2, 16, 2, 16, 128, 4, 8, 2, 16, 32, 4, 0, 2, 16, 2, 1060, N/A, N/A, UP, 3
16, 2, 16, 2, 2, 128, 4, 8, 0, 16, 32, 4, 2, 2, 16, 2, 1060, N/A, N/A, UP, 3
16, 2, 16, 2, 4, 128, 4, 8, 2, 16, 32, 4, 0, 2, 16, 2, 1064, N/A, N/A, DOWN, 3
2, 2, 16, 2, 16, 128, 4, 8, 4, 16, 32, 4, 2, 2, 16, 2, 1064, N/A, N/A, LEFT, 3
4, 16, 2, 2, 16, 128, 4, 8, 4, 16, 32, 4, 4, 16, 2, 0, 1072, N/A, N/A, DOWN, 3
2, 0, 2, 0, 4, 16, 4, 2, 16, 128, 32, 8, 8, 32, 2, 4, 1112, N/A, N/A, UP, 3
2, 16, 2, 2, 4, 128, 4, 8, 16, 32, 32, 4, 8, 0, 2, 2, 1112, N/A, N/A, RIGHT, 3
0, 2, 16, 4, 4, 128, 4, 8, 0, 16, 64, 4, 0, 2, 8, 4, 1184, N/A, N/A, DOWN, 3
0, 2, 16, 2, 0, 128, 4, 0, 0, 16, 64, 4, 4, 2, 8, 16, 1208, N/A, N/A, LEFT, 3
2, 16, 2, 0, 128, 4, 0, 2, 16, 64, 4, 0, 4, 2, 8, 16, 1208, N/A, N/A, UP, 3
2, 16, 2, 2, 128, 4, 4, 16, 16, 64, 8, 0, 4, 2, 2, 0, 1208, N/A, N/A, LEFT, 3
2, 16, 4, 0, 128, 8, 16, 0, 16, 64, 8, 0, 4, 4, 2, 0, 1224, N/A, N/A, LEFT, 3
2, 16, 4, 0, 128, 8, 16, 0, 16, 64, 8, 2, 8, 2, 0, 0, 1232, N/A, N/A, DOWN, 3
2, 16, 0, 0, 128, 8, 4, 2, 16, 64, 16, 0, 8, 2, 8, 2, 1232, N/A, N/A, UP, 3
2, 16, 4, 4, 128, 8, 16, 0, 16, 64, 8, 2, 8, 2, 0, 0, 1236, N/A, N/A, UP, 3
2, 16, 4, 4, 128, 8, 16, 2, 16, 64, 8, 0, 8, 2, 0, 2, 1236, N/A, N/A, UP, 3
2, 16, 4, 4, 128, 8, 16, 4, 16, 64, 8, 0, 8, 2, 4, 0, 1240, N/A, N/A, UP, 3
2, 16, 4, 8, 128, 8, 16, 0, 16, 64, 8, 0, 8, 2, 4, 2, 1248, N/A, N/A, RIGHT, 3
2, 16, 4, 8, 2, 128, 8, 16, 0, 16, 64, 8, 8, 2, 4, 2, 1248, N/A, N/A, UP, 3
4, 16, 4, 8, 8, 128, 8, 16, 2, 16, 64, 8, 0, 2, 4, 2, 1252, N/A, N/A, DOWN, 3
2, 16, 4, 8, 4, 128, 8, 16, 8, 16, 64, 8, 2, 2, 4, 2, 1252, N/A, N/A, LEFT, 3
2, 16, 4, 8, 4, 128, 8, 16, 8, 16, 64, 8, 8, 2, 0, 2, 1264, N/A, N/A, UP, 3
2, 16, 4, 8, 4, 128, 8, 16, 16, 16, 64, 8, 2, 2, 0, 2, 1280, N/A, N/A, DOWN, 3
2, 16, 2, 8, 4, 128, 4, 16, 16, 16, 8, 8, 2, 2, 64, 2, 1280, N/A, N/A, LEFT, 3
2, 16, 2, 8, 4, 128, 4, 16, 32, 16, 0, 2, 4, 64, 2, 0, 1332, N/A, N/A, UP, 3
2, 16, 2, 8, 4, 128, 4, 16, 32, 16, 2, 2, 4, 64, 0, 2, 1332, N/A, N/A, UP, 3
2, 16, 2, 8, 4, 128, 4, 16, 32, 16, 2, 4, 4, 64, 2, 0, 1336, N/A, N/A, RIGHT, 3
2, 16, 2, 8, 4, 128, 4, 16, 32, 16, 2, 4, 4, 4, 64, 2, 1336, N/A, N/A, RIGHT, 3
0, 0, 0, 0, 0, 0, 0, 0, 0, 0, 0, 0, 0, 0, 0, 2, 0, N/A, N/A, LEFT, 4
0, 0, 0, 0, 0, 0, 0, 0, 0, 0, 0, 2, 2, 0, 0, 0, 0, N/A, N/A, RIGHT, 4
0, 0, 0, 0, 0, 0, 0, 0, 0, 2, 0, 2, 0, 0, 0, 2, 0, N/A, N/A, DOWN, 4
0, 0, 0, 0, 2, 0, 0, 0, 0, 0, 0, 0, 0, 2, 0, 4, 4, N/A, N/A, DOWN, 4
0, 0, 0, 2, 0, 0, 0, 0, 0, 0, 0, 0, 2, 2, 0, 4, 4, N/A, N/A, RIGHT, 4
0, 0, 0, 2, 0, 0, 0, 0, 2, 0, 0, 0, 0, 0, 4, 4, 8, N/A, N/A, UP, 4
2, 0, 4, 2, 0, 0, 0, 4, 0, 0, 0, 0, 0, 0, 2, 0, 8, N/A, N/A, DOWN, 4
0, 2, 0, 0, 0, 0, 0, 0, 0, 0, 4, 2, 2, 0, 2, 4, 8, N/A, N/A, UP, 4
2, 2, 4, 2, 0, 0, 2, 4, 0, 0, 0, 0, 0, 0, 0, 2, 8, N/A, N/A, DOWN, 4
0, 0, 0, 0, 0, 0, 0, 2, 2, 0, 4, 4, 2, 2, 2, 2, 8, N/A, N/A, RIGHT, 4
0, 0, 2, 0, 0, 0, 0, 2, 0, 0, 2, 8, 0, 0, 4, 4, 24, N/A, N/A, UP, 4
0, 0, 8, 2, 0, 0, 2, 8, 0, 0, 0, 4, 0, 0, 0, 0, 36, N/A, N/A, LEFT, 4
8, 2, 0, 0, 2, 8, 0, 0, 4, 2, 0, 0, 0, 0, 0, 0, 36, N/A, N/A, RIGHT, 4
0, 0, 8, 2, 0, 0, 2, 8, 0, 0, 4, 2, 0, 2, 0, 0, 36, N/A, N/A, RIGHT, 4
0, 0, 8, 2, 0, 2, 2, 8, 0, 0, 4, 2, 0, 0, 0, 2, 36, N/A, N/A, RIGHT, 4
0, 2, 8, 2, 0, 0, 4, 8, 0, 0, 4, 2, 0, 0, 0, 2, 40, N/A, N/A, UP, 4
0, 2, 8, 2, 0, 0, 8, 8, 0, 0, 0, 4, 2, 0, 0, 0, 52, N/A, N/A, DOWN, 4
2, 0, 0, 0, 0, 0, 0, 2, 0, 0, 0, 8, 2, 2, 16, 4, 68, N/A, N/A, LEFT, 4
2, 0, 0, 0, 2, 0, 0, 0, 8, 2, 0, 0, 4, 16, 4, 0, 72, N/A, N/A, DOWN, 4
0, 0, 0, 2, 4, 0, 0, 0, 8, 2, 0, 0, 4, 16, 4, 0, 76, N/A, N/A, UP, 4
4, 2, 4, 2, 8, 16, 0, 0, 4, 4, 0, 0, 0, 0, 0, 0, 76, N/A, N/A, LEFT, 4
4, 2, 4, 2, 8, 16, 0, 0, 8, 0, 0, 0, 0, 0, 2, 0, 84, N/A, N/A, LEFT, 4
4, 2, 4, 2, 8, 16, 0, 0, 8, 0, 0, 0, 2, 0, 2, 0, 84, N/A, N/A, LEFT, 4
4, 2, 4, 2, 8, 16, 0, 0, 8, 2, 0, 0, 4, 0, 0, 0, 88, N/A, N/A, UP, 4
4, 2, 4, 2, 16, 16, 0, 0, 4, 2, 0, 2, 0, 0, 0, 0, 104, N/A, N/A, LEFT, 4
4, 2, 4, 2, 32, 0, 0, 4, 4, 4, 0, 0, 0, 0, 0, 0, 140, N/A, N/A, LEFT, 4
4, 2, 4, 2, 32, 4, 0, 0, 8, 0, 0, 0, 0, 2, 0, 0, 148, N/A, N/A, LEFT, 4
4, 2, 4, 2, 32, 4, 0, 0, 8, 2, 0, 0, 2, 0, 0, 0, 148, N/A, N/A, DOWN, 4
4, 0, 0, 0, 32, 2, 0, 0, 8, 4, 2, 0, 2, 2, 4, 2, 148, N/A, N/A, LEFT, 4
4, 0, 0, 2, 32, 2, 0, 0, 8, 4, 2, 0, 8, 2, 0, 0, 160, N/A, N/A, DOWN, 4
0, 0, 0, 0, 4, 2, 0, 0, 32, 4, 2, 0, 16, 2, 2, 2, 176, N/A, N/A, UP, 4
4, 2, 4, 2, 32, 4, 0, 0, 16, 2, 0, 0, 0, 0, 2, 0, 180, N/A, N/A, RIGHT, 4
4, 2, 4, 2, 0, 0, 32, 4, 0, 2, 16, 2, 0, 0, 0, 2, 180, N/A, N/A, LEFT, 4
4, 2, 4, 2, 32, 4, 0, 2, 2, 16, 2, 0, 2, 0, 0, 0, 180, N/A, N/A, DOWN, 4
0, 0, 0, 0, 4, 2, 0, 2, 32, 4, 4, 0, 4, 16, 2, 4, 188, N/A, N/A, DOWN, 4
2, 0, 0, 0, 4, 2, 0, 0, 32, 4, 4, 2, 4, 16, 2, 4, 188, N/A, N/A, LEFT, 4
2, 2, 0, 0, 4, 2, 0, 0, 32, 8, 2, 0, 4, 16, 2, 4, 196, N/A, N/A, DOWN, 4
2, 0, 0, 0, 4, 4, 2, 0, 32, 8, 0, 0, 4, 16, 4, 4, 204, N/A, N/A, DOWN, 4
2, 0, 4, 0, 4, 4, 0, 0, 32, 8, 2, 0, 4, 16, 4, 4, 204, N/A, N/A, LEFT, 4
2, 4, 2, 0, 8, 0, 0, 0, 32, 8, 2, 0, 4, 16, 8, 0, 220, N/A, N/A, UP, 4
2, 4, 4, 0, 8, 8, 8, 0, 32, 16, 0, 2, 4, 0, 0, 0, 224, N/A, N/A, RIGHT, 4
2, 0, 2, 8, 0, 0, 8, 16, 0, 32, 16, 2, 0, 0, 0, 4, 248, N/A, N/A, UP, 4
2, 32, 2, 8, 0, 0, 8, 16, 0, 0, 16, 2, 0, 2, 0, 4, 248, N/A, N/A, LEFT, 4
2, 32, 2, 8, 8, 16, 0, 0, 16, 2, 0, 0, 2, 4, 0, 2, 248, N/A, N/A, LEFT, 4
2, 32, 2, 8, 8, 16, 0, 0, 16, 2, 0, 0, 2, 4, 2, 2, 248, N/A, N/A, RIGHT, 4
2, 32, 2, 8, 0, 0, 8, 16, 0, 0, 16, 2, 0, 2, 2, 8, 260, N/A, N/A, LEFT, 4
2, 32, 2, 8, 8, 16, 2, 0, 16, 2, 0, 0, 4, 8, 0, 0, 264, N/A, N/A, DOWN, 4
2, 32, 0, 0, 8, 16, 0, 0, 16, 2, 4, 0, 4, 8, 4, 8, 268, N/A, N/A, RIGHT, 4
0, 2, 2, 32, 0, 0, 8, 16, 0, 16, 2, 4, 4, 8, 4, 8, 268, N/A, N/A, RIGHT, 4
0, 0, 4, 32, 0, 2, 8, 16, 0, 16, 2, 4, 4, 8, 4, 8, 272, N/A, N/A, UP, 4
4, 2, 4, 32, 0, 16, 8, 16, 2, 8, 2, 4, 0, 0, 4, 8, 272, N/A, N/A, LEFT, 4
4, 2, 4, 32, 16, 8, 16, 2, 2, 8, 2, 4, 4, 8, 0, 0, 272, N/A, N/A, DOWN, 4
4, 0, 0, 2, 16, 2, 4, 32, 2, 8, 16, 2, 4, 16, 2, 4, 288, N/A, N/A, LEFT, 4
4, 2, 0, 2, 16, 2, 4, 32, 2, 8, 16, 2, 4, 16, 2, 4, 288, N/A, N/A, DOWN, 4
4, 2, 0, 2, 16, 4, 4, 32, 2, 8, 16, 2, 4, 16, 2, 4, 292, N/A, N/A, RIGHT, 4
2, 0, 0, 8, 0, 16, 8, 32, 2, 8, 16, 2, 4, 16, 2, 4, 312, N/A, N/A, DOWN, 4
0, 0, 2, 8, 0, 16, 8, 32, 4, 8, 16, 2, 4, 16, 2, 4, 316, N/A, N/A, LEFT, 4
2, 8, 0, 0, 16, 8, 32, 4, 4, 8, 16, 2, 4, 16, 2, 4, 316, N/A, N/A, DOWN, 4
0, 2, 0, 0, 2, 8, 32, 4, 16, 16, 16, 2, 8, 16, 2, 4, 340, N/A, N/A, LEFT, 4
2, 0, 0, 4, 2, 8, 32, 4, 32, 16, 2, 0, 8, 16, 2, 4, 372, N/A, N/A, RIGHT, 4
2, 0, 2, 4, 2, 8, 32, 4, 0, 32, 16, 2, 8, 16, 2, 4, 372, N/A, N/A, LEFT, 4
8, 0, 0, 0, 2, 8, 32, 4, 32, 16, 2, 4, 8, 16, 2, 4, 384, N/A, N/A, DOWN, 4
8, 0, 0, 0, 2, 0, 0, 2, 32, 8, 32, 4, 8, 32, 4, 8, 428, N/A, N/A, RIGHT, 4
0, 0, 0, 8, 2, 0, 0, 4, 32, 8, 32, 4, 8, 32, 4, 8, 432, N/A, N/A, DOWN, 4
0, 0, 2, 0, 2, 0, 0, 0, 32, 8, 32, 16, 8, 32, 4, 8, 456, N/A, N/A, UP, 4
2, 8, 2, 16, 32, 32, 32, 8, 8, 2, 4, 0, 0, 0, 0, 0, 456, N/A, N/A, LEFT, 4
2, 8, 2, 16, 64, 32, 8, 0, 8, 2, 4, 0, 0, 0, 2, 0, 520, N/A, N/A, DOWN, 4
0, 0, 2, 2, 2, 8, 8, 0, 64, 32, 4, 0, 8, 2, 2, 16, 520, N/A, N/A, UP, 4
2, 8, 2, 2, 64, 32, 8, 16, 8, 2, 4, 0, 0, 0, 2, 2, 520, N/A, N/A, DOWN, 4
4, 0, 2, 0, 2, 8, 8, 2, 64, 32, 4, 16, 8, 2, 2, 2, 520, N/A, N/A, RIGHT, 4
0, 0, 4, 2, 2, 2, 16, 2, 64, 32, 4, 16, 0, 8, 2, 4, 540, N/A, N/A, LEFT, 4
4, 2, 0, 4, 4, 16, 2, 0, 64, 32, 4, 16, 8, 2, 4, 0, 544, N/A, N/A, RIGHT, 4
2, 4, 2, 4, 0, 4, 16, 2, 64, 32, 4, 16, 0, 8, 2, 4, 544, N/A, N/A, DOWN, 4
2, 0, 2, 4, 0, 8, 16, 2, 2, 32, 4, 16, 64, 8, 2, 4, 552, N/A, N/A, RIGHT, 4
2, 0, 4, 4, 0, 8, 16, 2, 2, 32, 4, 16, 64, 8, 2, 4, 556, N/A, N/A, LEFT, 4
2, 8, 0, 0, 8, 16, 2, 2, 2, 32, 4, 16, 64, 8, 2, 4, 564, N/A, N/A, UP, 4
2, 8, 2, 2, 8, 16, 4, 16, 2, 32, 2, 4, 64, 8, 0, 2, 564, N/A, N/A, LEFT, 4
2, 8, 4, 0, 8, 16, 4, 16, 2, 32, 2, 4, 64, 8, 2, 2, 568, N/A, N/A, LEFT, 4
2, 8, 4, 2, 8, 16, 4, 16, 2, 32, 2, 4, 64, 8, 4, 0, 572, N/A, N/A, DOWN, 4
2, 8, 2, 0, 8, 16, 8, 2, 2, 32, 2, 16, 64, 8, 4, 4, 580, N/A, N/A, UP, 4
2, 8, 2, 2, 8, 16, 8, 16, 2, 32, 2, 4, 64, 8, 4, 2, 580, N/A, N/A, RIGHT, 4
2, 2, 8, 4, 8, 16, 8, 16, 2, 32, 2, 4, 64, 8, 4, 2, 584, N/A, N/A, DOWN, 4
2, 2, 2, 4, 8, 16, 16, 16, 2, 32, 2, 4, 64, 8, 4, 2, 600, N/A, N/A, LEFT, 4
4, 2, 4, 4, 8, 32, 16, 0, 2, 32, 2, 4, 64, 8, 4, 2, 636, N/A, N/A, DOWN, 4
4, 2, 4, 0, 8, 2, 16, 0, 2, 64, 2, 8, 64, 8, 4, 2, 708, N/A, N/A, UP, 4
4, 4, 4, 8, 8, 64, 16, 2, 2, 8, 2, 0, 64, 0, 4, 2, 712, N/A, N/A, LEFT, 4
8, 4, 8, 0, 8, 64, 16, 2, 2, 8, 2, 0, 64, 4, 2, 2, 720, N/A, N/A, UP, 4
16, 4, 8, 4, 2, 64, 16, 0, 64, 8, 4, 0, 4, 4, 0, 0, 744, N/A, N/A, RIGHT, 4
16, 4, 8, 4, 2, 2, 64, 16, 0, 64, 8, 4, 0, 0, 0, 8, 752, N/A, N/A, RIGHT, 4
16, 4, 8, 4, 0, 4, 64, 16, 0, 64, 8, 4, 0, 4, 0, 8, 756, N/A, N/A, RIGHT, 4
16, 4, 8, 4, 0, 4, 64, 16, 0, 64, 8, 4, 0, 2, 4, 8, 756, N/A, N/A, UP, 4
16, 8, 8, 4, 0, 64, 64, 16, 0, 2, 8, 4, 0, 2, 4, 8, 764, N/A, N/A, RIGHT, 4
0, 0, 32, 4, 0, 0, 128, 16, 2, 2, 8, 4, 0, 2, 4, 8, 940, N/A, N/A, LEFT, 4
32, 4, 0, 0, 128, 16, 0, 0, 4, 8, 4, 0, 2, 4, 8, 2, 944, N/A, N/A, RIGHT, 4
0, 0, 32, 4, 0, 0, 128, 16, 2, 4, 8, 4, 2, 4, 8, 2, 944, N/A, N/A, UP, 4
4, 8, 32, 4, 0, 0, 128, 16, 0, 0, 16, 4, 0, 0, 2, 2, 972, N/A, N/A, DOWN, 4
0, 0, 32, 4, 0, 0, 128, 16, 0, 2, 16, 4, 4, 8, 2, 2, 972, N/A, N/A, LEFT, 4
32, 4, 0, 0, 128, 16, 0, 0, 2, 16, 4, 2, 4, 8, 4, 0, 976, N/A, N/A, UP, 4
32, 4, 8, 2, 128, 32, 0, 0, 2, 8, 0, 0, 4, 2, 0, 0, 1016, N/A, N/A, DOWN, 4
32, 4, 0, 0, 128, 32, 0, 0, 2, 8, 2, 0, 4, 2, 8, 2, 1016, N/A, N/A, UP, 4
32, 4, 2, 2, 128, 32, 8, 0, 2, 8, 2, 0, 4, 2, 0, 0, 1016, N/A, N/A, RIGHT, 4
0, 2, 32, 8, 0, 128, 32, 8, 0, 2, 8, 2, 0, 0, 4, 2, 1028, N/A, N/A, LEFT, 4
2, 32, 8, 0, 128, 32, 8, 2, 2, 8, 2, 0, 4, 2, 0, 0, 1028, N/A, N/A, DOWN, 4
2, 0, 0, 0, 128, 64, 0, 0, 2, 8, 16, 2, 4, 2, 2, 2, 1108, N/A, N/A, UP, 4
2, 64, 16, 4, 128, 8, 2, 0, 2, 2, 0, 0, 4, 2, 0, 0, 1112, N/A, N/A, DOWN, 4
2, 0, 0, 0, 128, 64, 2, 0, 2, 8, 16, 0, 4, 4, 2, 4, 1116, N/A, N/A, LEFT, 4
2, 0, 2, 0, 128, 64, 2, 0, 2, 8, 16, 0, 8, 2, 4, 0, 1124, N/A, N/A, UP, 4
2, 64, 4, 0, 128, 8, 16, 0, 2, 2, 4, 0, 8, 0, 2, 0, 1128, N/A, N/A, DOWN, 4
2, 2, 4, 0, 128, 64, 16, 0, 2, 8, 4, 0, 8, 2, 2, 0, 1128, N/A, N/A, RIGHT, 4
0, 0, 4, 4, 2, 128, 64, 16, 0, 2, 8, 4, 0, 0, 8, 4, 1136, N/A, N/A, UP, 4
2, 128, 4, 4, 0, 2, 64, 16, 0, 0, 16, 8, 2, 0, 0, 0, 1160, N/A, N/A, DOWN, 4
0, 2, 0, 0, 0, 0, 4, 4, 0, 128, 64, 16, 4, 2, 16, 8, 1164, N/A, N/A, DOWN, 4
0, 0, 0, 0, 2, 2, 4, 4, 0, 128, 64, 16, 4, 2, 16, 8, 1164, N/A, N/A, UP, 4
2, 2, 4, 4, 4, 128, 64, 16, 2, 2, 16, 8, 0, 0, 0, 0, 1164, N/A, N/A, LEFT, 4
8, 4, 0, 0, 4, 128, 64, 16, 4, 16, 8, 0, 0, 0, 0, 2, 1180, N/A, N/A, RIGHT, 4
0, 0, 8, 4, 4, 128, 64, 16, 0, 4, 16, 8, 0, 0, 2, 2, 1180, N/A, N/A, LEFT, 4
8, 4, 2, 0, 4, 128, 64, 16, 4, 16, 8, 0, 4, 0, 0, 0, 1184, N/A, N/A, UP, 4
8, 4, 2, 16, 8, 128, 64, 0, 4, 16, 8, 0, 2, 0, 0, 0, 1192, N/A, N/A, UP, 4
16, 4, 2, 16, 4, 128, 64, 0, 2, 16, 8, 0, 0, 0, 0, 2, 1208, N/A, N/A, LEFT, 4
16, 4, 2, 16, 4, 128, 64, 0, 2, 16, 8, 0, 2, 0, 2, 0, 1208, N/A, N/A, RIGHT, 4
16, 4, 2, 16, 0, 4, 128, 64, 0, 2, 16, 8, 2, 0, 0, 4, 1212, N/A, N/A, RIGHT, 4
16, 4, 2, 16, 2, 4, 128, 64, 0, 2, 16, 8, 0, 0, 2, 4, 1212, N/A, N/A, UP, 4
16, 8, 2, 16, 2, 2, 128, 64, 0, 2, 16, 8, 0, 0, 2, 4, 1220, N/A, N/A, RIGHT, 4
16, 8, 2, 16, 2, 4, 128, 64, 0, 2, 16, 8, 0, 0, 2, 4, 1224, N/A, N/A, LEFT, 4
16, 8, 2, 16, 2, 4, 128, 64, 2, 16, 8, 2, 2, 4, 0, 0, 1224, N/A, N/A, UP, 4
16, 8, 2, 16, 4, 4, 128, 64, 2, 16, 8, 2, 0, 4, 0, 2, 1228, N/A, N/A, RIGHT, 4
16, 8, 2, 16, 2, 8, 128, 64, 2, 16, 8, 2, 0, 0, 4, 2, 1236, N/A, N/A, DOWN, 4
0, 0, 2, 0, 0, 2, 128, 16, 16, 16, 8, 64, 4, 16, 4, 4, 1260, N/A, N/A, DOWN, 4
0, 2, 2, 0, 0, 0, 128, 16, 16, 2, 8, 64, 4, 32, 4, 4, 1292, N/A, N/A, RIGHT, 4
0, 2, 0, 4, 0, 0, 128, 16, 16, 2, 8, 64, 0, 4, 32, 8, 1304, N/A, N/A, RIGHT, 4
0, 0, 2, 4, 0, 0, 128, 16, 16, 2, 8, 64, 2, 4, 32, 8, 1304, N/A, N/A, LEFT, 4
2, 4, 0, 0, 128, 16, 0, 2, 16, 2, 8, 64, 2, 4, 32, 8, 1304, N/A, N/A, LEFT, 4
2, 4, 0, 0, 128, 16, 2, 2, 16, 2, 8, 64, 2, 4, 32, 8, 1304, N/A, N/A, UP, 4
2, 4, 2, 2, 128, 16, 8, 64, 16, 2, 32, 8, 2, 4, 2, 0, 1304, N/A, N/A, LEFT, 4
2, 4, 4, 2, 128, 16, 8, 64, 16, 2, 32, 8, 2, 4, 2, 0, 1308, N/A, N/A, RIGHT, 4
2, 2, 8, 2, 128, 16, 8, 64, 16, 2, 32, 8, 0, 2, 4, 2, 1316, N/A, N/A, UP, 4
2, 2, 16, 2, 128, 16, 32, 64, 16, 4, 4, 8, 0, 0, 2, 2, 1336, N/A, N/A, RIGHT, 4
0, 4, 16, 2, 128, 16, 32, 64, 0, 16, 8, 8, 2, 0, 0, 4, 1352, N/A, N/A, UP, 4
128, 4, 16, 2, 2, 32, 32, 64, 2, 0, 8, 8, 0, 0, 0, 4, 1384, N/A, N/A, UP, 4
128, 4, 16, 2, 4, 32, 32, 64, 2, 0, 8, 8, 0, 0, 0, 4, 1388, N/A, N/A, LEFT, 4
128, 4, 16, 2, 4, 128, 2, 0, 2, 16, 0, 0, 4, 0, 0, 0, 1596, N/A, N/A, DOWN, 4
128, 0, 0, 0, 4, 4, 0, 2, 2, 128, 16, 0, 4, 16, 2, 2, 1596, N/A, N/A, DOWN, 4
128, 0, 0, 0, 4, 4, 2, 0, 2, 128, 16, 0, 4, 16, 2, 4, 1600, N/A, N/A, UP, 4
128, 4, 2, 4, 4, 128, 16, 0, 2, 16, 2, 0, 4, 0, 0, 2, 1600, N/A, N/A, UP, 4
128, 4, 2, 4, 4, 128, 16, 2, 2, 16, 2, 0, 4, 0, 2, 0, 1600, N/A, N/A, DOWN, 4
128, 2, 0, 0, 4, 4, 2, 0, 2, 128, 16, 4, 4, 16, 4, 2, 1604, N/A, N/A, LEFT, 4
128, 2, 0, 0, 8, 2, 2, 0, 2, 128, 16, 4, 4, 16, 4, 2, 1612, N/A, N/A, LEFT, 4
128, 2, 0, 2, 8, 4, 0, 0, 2, 128, 16, 4, 4, 16, 4, 2, 1616, N/A, N/A, RIGHT, 4
0, 0, 128, 4, 0, 2, 8, 4, 2, 128, 16, 4, 4, 16, 4, 2, 1620, N/A, N/A, LEFT, 4
128, 4, 0, 2, 2, 8, 4, 0, 2, 128, 16, 4, 4, 16, 4, 2, 1620, N/A, N/A, UP, 4
128, 4, 4, 2, 8, 8, 16, 4, 0, 128, 4, 2, 0, 16, 2, 0, 1632, N/A, N/A, LEFT, 4
128, 8, 2, 0, 32, 4, 0, 2, 128, 4, 2, 0, 16, 2, 0, 0, 1688, N/A, N/A, DOWN, 4
128, 0, 0, 0, 32, 0, 0, 0, 128, 16, 0, 2, 16, 2, 4, 2, 1716, N/A, N/A, DOWN, 4
128, 2, 0, 0, 32, 0, 0, 0, 128, 16, 0, 0, 16, 2, 4, 4, 1720, N/A, N/A, DOWN, 4
128, 2, 0, 0, 32, 2, 0, 0, 128, 16, 0, 0, 16, 2, 4, 4, 1720, N/A, N/A, LEFT, 4
128, 2, 0, 0, 32, 2, 2, 0, 128, 16, 0, 0, 16, 2, 8, 0, 1728, N/A, N/A, RIGHT, 4
2, 0, 128, 2, 0, 0, 32, 4, 0, 0, 128, 16, 0, 16, 2, 8, 1732, N/A, N/A, DOWN, 4
0, 0, 128, 2, 0, 0, 32, 4, 2, 0, 128, 16, 2, 16, 2, 8, 1732, N/A, N/A, UP, 4
4, 16, 128, 2, 0, 2, 32, 4, 0, 0, 128, 16, 0, 0, 2, 8, 1736, N/A, N/A, LEFT, 4
4, 16, 128, 2, 2, 32, 4, 2, 128, 16, 0, 0, 2, 8, 0, 0, 1736, N/A, N/A, RIGHT, 4
4, 16, 128, 2, 2, 32, 4, 2, 2, 0, 128, 16, 0, 0, 2, 8, 1736, N/A, N/A, DOWN, 4
2, 0, 128, 0, 0, 0, 4, 4, 0, 16, 128, 16, 8, 32, 2, 8, 1752, N/A, N/A, UP, 4
2, 16, 128, 4, 8, 32, 4, 16, 0, 0, 128, 8, 0, 2, 2, 0, 1752, N/A, N/A, DOWN, 4
0, 0, 128, 0, 2, 16, 4, 4, 2, 32, 128, 16, 8, 2, 2, 8, 1752, N/A, N/A, UP, 4
4, 16, 128, 4, 8, 32, 4, 16, 0, 2, 128, 8, 0, 2, 2, 0, 1756, N/A, N/A, RIGHT, 4
4, 16, 128, 4, 8, 32, 4, 16, 2, 2, 128, 8, 0, 0, 0, 4, 1760, N/A, N/A, LEFT, 4
4, 16, 128, 4, 8, 32, 4, 16, 4, 128, 8, 0, 4, 2, 0, 0, 1764, N/A, N/A, RIGHT, 4
4, 16, 128, 4, 8, 32, 4, 16, 0, 4, 128, 8, 0, 2, 4, 2, 1764, N/A, N/A, LEFT, 4
4, 16, 128, 4, 8, 32, 4, 16, 4, 128, 8, 2, 2, 4, 2, 0, 1764, N/A, N/A, DOWN, 4
4, 16, 128, 2, 8, 32, 4, 4, 4, 128, 8, 16, 2, 4, 2, 2, 1764, N/A, N/A, RIGHT, 4
4, 16, 128, 2, 0, 8, 32, 8, 4, 128, 8, 16, 2, 0, 2, 8, 1784, N/A, N/A, UP, 4
8, 16, 128, 2, 2, 8, 32, 8, 0, 128, 8, 16, 2, 0, 2, 8, 1792, N/A, N/A, UP, 4
8, 16, 128, 2, 4, 8, 32, 8, 0, 128, 8, 16, 2, 0, 2, 8, 1796, N/A, N/A, RIGHT, 4
8, 16, 128, 2, 4, 8, 32, 8, 0, 128, 8, 16, 0, 4, 4, 8, 1800, N/A, N/A, RIGHT, 4
8, 16, 128, 2, 4, 8, 32, 8, 0, 128, 8, 16, 0, 2, 8, 8, 1808, N/A, N/A, RIGHT, 4
8, 16, 128, 2, 4, 8, 32, 8, 2, 128, 8, 16, 0, 0, 2, 16, 1824, N/A, N/A, LEFT, 4
8, 16, 128, 2, 4, 8, 32, 8, 2, 128, 8, 16, 2, 16, 2, 0, 1824, N/A, N/A, DOWN, 4
0, 16, 128, 0, 2, 8, 32, 2, 0, 128, 8, 8, 16, 16, 2, 16, 1852, N/A, N/A, RIGHT, 4
0, 0, 16, 128, 2, 8, 32, 2, 0, 0, 128, 16, 2, 32, 2, 16, 1900, N/A, N/A, DOWN, 4
0, 0, 16, 2, 0, 0, 32, 128, 0, 8, 128, 2, 4, 32, 2, 32, 1936, N/A, N/A, UP, 4
4, 8, 16, 2, 0, 32, 32, 128, 0, 0, 128, 2, 2, 0, 2, 32, 1936, N/A, N/A, LEFT, 4
4, 8, 16, 2, 64, 128, 0, 0, 128, 2, 0, 2, 4, 32, 0, 0, 2004, N/A, N/A, UP, 4
4, 8, 16, 4, 64, 128, 0, 0, 128, 2, 0, 0, 4, 32, 0, 2, 2008, N/A, N/A, LEFT, 4
4, 8, 16, 4, 64, 128, 2, 0, 128, 2, 0, 0, 4, 32, 2, 0, 2008, N/A, N/A, UP, 4
4, 8, 16, 4, 64, 128, 4, 0, 128, 2, 2, 0, 4, 32, 0, 0, 2012, N/A, N/A, RIGHT, 4
4, 8, 16, 4, 0, 64, 128, 4, 0, 0, 128, 4, 2, 0, 4, 32, 2016, N/A, N/A, LEFT, 4
4, 8, 16, 4, 64, 128, 4, 0, 128, 4, 0, 0, 2, 4, 32, 2, 2016, N/A, N/A, DOWN, 4
4, 0, 2, 0, 64, 8, 16, 0, 128, 128, 4, 4, 2, 8, 32, 2, 2024, N/A, N/A, UP, 4
4, 8, 2, 4, 64, 128, 16, 2, 128, 8, 4, 0, 2, 0, 32, 2, 2024, N/A, N/A, DOWN, 4
4, 0, 2, 0, 64, 8, 16, 4, 128, 128, 4, 0, 2, 8, 32, 8, 2036, N/A, N/A, LEFT, 4
4, 2, 0, 2, 64, 8, 16, 4, 256, 4, 0, 0, 2, 8, 32, 8, 2292, N/A, N/A, RIGHT, 4
0, 0, 0, 8, 64, 8, 16, 4, 0, 2, 256, 4, 2, 8, 32, 8, 2304, N/A, N/A, UP, 4
64, 8, 16, 8, 2, 2, 256, 16, 0, 8, 32, 2, 0, 0, 0, 0, 2328, N/A, N/A, DOWN, 4
0, 2, 0, 0, 0, 8, 16, 8, 64, 2, 256, 16, 2, 8, 32, 2, 2328, N/A, N/A, RIGHT, 4
0, 0, 0, 2, 2, 8, 16, 8, 64, 2, 256, 16, 2, 8, 32, 2, 2328, N/A, N/A, LEFT, 4
2, 0, 0, 2, 2, 8, 16, 8, 64, 2, 256, 16, 2, 8, 32, 2, 2328, N/A, N/A, RIGHT, 4
0, 0, 2, 4, 2, 8, 16, 8, 64, 2, 256, 16, 2, 8, 32, 2, 2332, N/A, N/A, LEFT, 4
2, 4, 0, 2, 2, 8, 16, 8, 64, 2, 256, 16, 2, 8, 32, 2, 2332, N/A, N/A, RIGHT, 4
2, 2, 4, 2, 2, 8, 16, 8, 64, 2, 256, 16, 2, 8, 32, 2, 2332, N/A, N/A, RIGHT, 4
2, 4, 4, 2, 2, 8, 16, 8, 64, 2, 256, 16, 2, 8, 32, 2, 2336, N/A, N/A, UP, 4
4, 4, 4, 2, 64, 8, 16, 8, 2, 2, 256, 16, 2, 8, 32, 2, 2340, N/A, N/A, RIGHT, 4
0, 4, 8, 2, 64, 8, 16, 8, 2, 4, 256, 16, 2, 8, 32, 2, 2352, N/A, N/A, LEFT, 4
4, 8, 2, 2, 64, 8, 16, 8, 2, 4, 256, 16, 2, 8, 32, 2, 2352, N/A, N/A, RIGHT, 4
2, 4, 8, 4, 64, 8, 16, 8, 2, 4, 256, 16, 2, 8, 32, 2, 2356, N/A, N/A, UP, 4
2, 4, 8, 4, 64, 8, 16, 8, 4, 4, 256, 16, 4, 8, 32, 2, 2360, N/A, N/A, RIGHT, 4
2, 4, 8, 4, 64, 8, 16, 8, 2, 8, 256, 16, 4, 8, 32, 2, 2368, N/A, N/A, UP, 4
2, 4, 8, 4, 64, 16, 16, 8, 2, 8, 256, 16, 4, 4, 32, 2, 2384, N/A, N/A, LEFT, 4
2, 4, 8, 4, 64, 32, 8, 2, 2, 8, 256, 16, 8, 32, 2, 0, 2424, N/A, N/A, UP, 4
2, 4, 16, 4, 64, 32, 256, 2, 2, 8, 2, 16, 8, 32, 0, 2, 2440, N/A, N/A, RIGHT, 4
2, 4, 16, 4, 64, 32, 256, 2, 2, 8, 2, 16, 4, 8, 32, 2, 2440, N/A, N/A, UP, 4
0, 0, 0, 0, 0, 0, 2, 0, 2, 0, 0, 0, 0, 0, 0, 0, 0, N/A, N/A, RIGHT, 5
0, 0, 0, 0, 2, 0, 0, 2, 0, 0, 0, 2, 0, 0, 0, 0, 0, N/A, N/A, RIGHT, 5
0, 0, 0, 0, 2, 0, 0, 4, 0, 0, 0, 2, 0, 0, 0, 0, 4, N/A, N/A, RIGHT, 5
0, 0, 0, 0, 0, 2, 2, 4, 0, 0, 0, 2, 0, 0, 0, 0, 4, N/A, N/A, UP, 5
0, 2, 2, 4, 0, 4, 0, 2, 0, 0, 0, 0, 0, 0, 0, 0, 4, N/A, N/A, RIGHT, 5
0, 0, 4, 4, 0, 0, 4, 2, 0, 0, 0, 0, 0, 2, 0, 0, 8, N/A, N/A, LEFT, 5
8, 0, 2, 0, 4, 2, 0, 0, 0, 0, 0, 0, 2, 0, 0, 0, 16, N/A, N/A, LEFT, 5
8, 2, 0, 0, 4, 2, 0, 0, 0, 0, 0, 2, 2, 0, 0, 0, 16, N/A, N/A, UP, 5
8, 4, 0, 2, 4, 0, 0, 0, 2, 0, 0, 2, 0, 0, 0, 0, 20, N/A, N/A, DOWN, 5
0, 2, 0, 0, 8, 0, 0, 0, 4, 0, 0, 0, 2, 4, 0, 4, 24, N/A, N/A, RIGHT, 5
0, 0, 0, 2, 0, 0, 0, 8, 0, 0, 0, 4, 0, 2, 2, 8, 32, N/A, N/A, UP, 5
0, 2, 2, 2, 0, 0, 0, 8, 2, 0, 0, 4, 0, 0, 0, 8, 32, N/A, N/A, RIGHT, 5
0, 0, 2, 4, 0, 0, 0, 8, 2, 0, 2, 4, 0, 0, 0, 8, 36, N/A, N/A, LEFT, 5
2, 4, 0, 0, 8, 0, 0, 0, 8, 0, 0, 2, 8, 0, 0, 0, 48, N/A, N/A, UP, 5
2, 4, 2, 2, 16, 0, 0, 0, 8, 0, 0, 0, 0, 0, 0, 0, 64, N/A, N/A, RIGHT, 5
0, 0, 2, 8, 0, 0, 0, 16, 0, 0, 0, 8, 2, 0, 0, 0, 76, N/A, N/A, LEFT, 5
2, 8, 0, 0, 16, 0, 0, 0, 8, 2, 0, 0, 2, 0, 0, 0, 76, N/A, N/A, DOWN, 5
2, 2, 0, 0, 16, 0, 0, 0, 8, 8, 0, 0, 2, 2, 0, 0, 76, N/A, N/A, RIGHT, 5
0, 0, 2, 4, 0, 0, 0, 16, 0, 0, 0, 16, 0, 0, 0, 4, 100, N/A, N/A, UP, 5
0, 0, 2, 4, 0, 0, 0, 32, 0, 0, 0, 4, 0, 2, 0, 0, 132, N/A, N/A, UP, 5
0, 2, 2, 4, 0, 0, 0, 32, 0, 0, 0, 4, 0, 0, 0, 2, 132, N/A, N/A, DOWN, 5
0, 0, 0, 4, 2, 0, 0, 32, 0, 0, 0, 4, 0, 2, 2, 2, 132, N/A, N/A, RIGHT, 5
0, 0, 0, 4, 2, 0, 2, 32, 0, 0, 0, 4, 0, 0, 2, 4, 136, N/A, N/A, RIGHT, 5
0, 0, 0, 4, 2, 0, 4, 32, 0, 0, 0, 4, 0, 0, 2, 4, 140, N/A, N/A, LEFT, 5
4, 0, 0, 0, 2, 4, 32, 0, 4, 0, 2, 0, 2, 4, 0, 0, 140, N/A, N/A, UP, 5
4, 8, 32, 0, 2, 0, 2, 0, 4, 0, 2, 0, 2, 0, 0, 0, 148, N/A, N/A, LEFT, 5
4, 8, 32, 0, 4, 0, 0, 0, 4, 2, 0, 0, 2, 0, 0, 2, 152, N/A, N/A, LEFT, 5
4, 8, 32, 0, 4, 0, 0, 0, 4, 2, 0, 0, 4, 0, 2, 0, 156, N/A, N/A, RIGHT, 5
0, 4, 8, 32, 0, 0, 0, 4, 0, 0, 4, 2, 2, 0, 4, 2, 156, N/A, N/A, UP, 5
2, 4, 8, 32, 0, 0, 8, 4, 0, 0, 0, 4, 0, 2, 0, 0, 168, N/A, N/A, UP, 5
2, 4, 16, 32, 0, 2, 2, 8, 0, 0, 0, 0, 0, 0, 0, 0, 192, N/A, N/A, LEFT, 5
2, 4, 16, 32, 4, 8, 4, 0, 0, 0, 0, 0, 0, 0, 0, 0, 196, N/A, N/A, RIGHT, 5
2, 4, 16, 32, 0, 4, 8, 4, 0, 0, 0, 0, 0, 0, 0, 2, 196, N/A, N/A, LEFT, 5
2, 4, 16, 32, 4, 8, 4, 0, 0, 0, 2, 0, 2, 0, 0, 0, 196, N/A, N/A, DOWN, 5
2, 0, 0, 0, 2, 0, 16, 0, 4, 4, 4, 0, 2, 8, 2, 32, 196, N/A, N/A, LEFT, 5
2, 0, 0, 0, 2, 16, 0, 0, 8, 4, 0, 4, 2, 8, 2, 32, 204, N/A, N/A, UP, 5
4, 16, 2, 4, 8, 4, 0, 32, 2, 8, 0, 0, 2, 0, 0, 0, 208, N/A, N/A, LEFT, 5
4, 16, 2, 4, 8, 4, 32, 0, 2, 8, 0, 0, 2, 2, 0, 0, 208, N/A, N/A, RIGHT, 5
4, 16, 2, 4, 0, 8, 4, 32, 2, 0, 2, 8, 0, 0, 0, 4, 212, N/A, N/A, LEFT, 5
4, 16, 2, 4, 8, 4, 32, 0, 4, 8, 2, 0, 4, 0, 0, 0, 216, N/A, N/A, UP, 5
4, 16, 2, 4, 8, 4, 32, 0, 8, 8, 2, 0, 2, 0, 0, 0, 224, N/A, N/A, LEFT, 5
4, 16, 2, 4, 8, 4, 32, 0, 16, 2, 0, 0, 2, 4, 0, 0, 240, N/A, N/A, RIGHT, 5
4, 16, 2, 4, 0, 8, 4, 32, 2, 0, 16, 2, 0, 0, 2, 4, 240, N/A, N/A, LEFT, 5
4, 16, 2, 4, 8, 4, 32, 0, 2, 16, 2, 0, 2, 4, 0, 2, 240, N/A, N/A, RIGHT, 5
4, 16, 2, 4, 2, 8, 4, 32, 0, 2, 16, 2, 0, 2, 4, 2, 240, N/A, N/A, UP, 5
4, 16, 2, 4, 2, 8, 4, 32, 2, 4, 16, 4, 0, 0, 4, 0, 248, N/A, N/A, DOWN, 5
0, 2, 2, 0, 0, 16, 4, 4, 0, 8, 16, 32, 8, 4, 4, 4, 260, N/A, N/A, LEFT, 5
4, 2, 0, 0, 16, 8, 0, 0, 8, 16, 32, 0, 8, 8, 4, 0, 280, N/A, N/A, DOWN, 5
0, 2, 0, 0, 0, 8, 0, 2, 4, 16, 32, 0, 32, 8, 4, 0, 328, N/A, N/A, UP, 5
4, 2, 32, 2, 32, 8, 4, 0, 2, 16, 0, 0, 0, 8, 0, 0, 328, N/A, N/A, RIGHT, 5
4, 2, 32, 2, 0, 32, 8, 4, 0, 0, 2, 16, 2, 0, 0, 8, 328, N/A, N/A, DOWN, 5
0, 0, 0, 2, 0, 2, 32, 4, 4, 2, 8, 16, 2, 32, 2, 8, 328, N/A, N/A, DOWN, 5
0, 4, 0, 2, 0, 0, 32, 4, 4, 4, 8, 16, 2, 32, 2, 8, 332, N/A, N/A, LEFT, 5
4, 2, 2, 0, 32, 4, 0, 0, 32, 0, 0, 0, 2, 32, 2, 8, 388, N/A, N/A, DOWN, 5
0, 0, 0, 2, 4, 2, 0, 0, 64, 4, 0, 0, 2, 32, 4, 8, 456, N/A, N/A, DOWN, 5
0, 0, 0, 0, 4, 2, 2, 0, 64, 4, 0, 2, 2, 32, 4, 8, 456, N/A, N/A, UP, 5
4, 2, 2, 2, 64, 4, 4, 8, 2, 32, 2, 0, 0, 0, 0, 0, 456, N/A, N/A, DOWN, 5
2, 0, 0, 0, 4, 2, 2, 0, 64, 4, 4, 2, 2, 32, 2, 8, 456, N/A, N/A, RIGHT, 5
0, 0, 0, 2, 0, 2, 0, 8, 0, 64, 8, 2, 2, 32, 2, 8, 476, N/A, N/A, LEFT, 5
2, 0, 2, 0, 2, 8, 0, 0, 64, 8, 2, 0, 2, 32, 2, 8, 476, N/A, N/A, DOWN, 5
0, 2, 0, 0, 4, 0, 0, 0, 64, 16, 2, 0, 2, 32, 4, 8, 500, N/A, N/A, LEFT, 5
2, 0, 0, 0, 4, 0, 0, 0, 64, 16, 2, 2, 2, 32, 4, 8, 500, N/A, N/A, RIGHT, 5
0, 0, 0, 2, 0, 0, 2, 4, 0, 64, 16, 4, 2, 32, 4, 8, 504, N/A, N/A, UP, 5
2, 64, 2, 2, 0, 32, 16, 16, 0, 0, 4, 0, 0, 0, 0, 2, 528, N/A, N/A, LEFT, 5
2, 64, 4, 0, 32, 32, 0, 0, 4, 0, 0, 2, 2, 0, 0, 0, 564, N/A, N/A, LEFT, 5
2, 64, 4, 0, 64, 0, 0, 0, 4, 2, 0, 0, 2, 0, 2, 0, 628, N/A, N/A, DOWN, 5
2, 2, 0, 0, 64, 0, 0, 0, 4, 64, 4, 0, 2, 2, 2, 0, 628, N/A, N/A, DOWN, 5
2, 0, 0, 0, 64, 2, 2, 0, 4, 64, 4, 0, 2, 2, 2, 0, 628, N/A, N/A, RIGHT, 5
0, 0, 0, 2, 0, 0, 64, 4, 0, 4, 64, 4, 0, 2, 2, 4, 636, N/A, N/A, RIGHT, 5
0, 0, 0, 2, 0, 0, 64, 4, 0, 4, 64, 4, 0, 2, 4, 4, 640, N/A, N/A, RIGHT, 5
0, 0, 2, 2, 0, 0, 64, 4, 0, 4, 64, 4, 0, 0, 2, 8, 648, N/A, N/A, LEFT, 5
4, 0, 0, 0, 64, 4, 0, 0, 4, 64, 4, 0, 2, 8, 2, 0, 652, N/A, N/A, RIGHT, 5
0, 0, 0, 4, 2, 0, 64, 4, 0, 4, 64, 4, 0, 2, 8, 2, 652, N/A, N/A, UP, 5
2, 4, 128, 8, 0, 2, 8, 4, 0, 0, 0, 2, 0, 0, 0, 2, 788, N/A, N/A, DOWN, 5
0, 0, 0, 2, 0, 0, 0, 0, 0, 4, 128, 0, 2, 2, 8, 16, 816, N/A, N/A, UP, 5
2, 4, 128, 2, 0, 2, 8, 16, 0, 0, 0, 0, 0, 2, 0, 0, 816, N/A, N/A, DOWN, 5
0, 0, 0, 2, 0, 0, 0, 0, 0, 0, 128, 2, 2, 8, 8, 16, 828, N/A, N/A, LEFT, 5
2, 0, 0, 2, 0, 0, 0, 0, 128, 2, 0, 0, 2, 32, 0, 0, 876, N/A, N/A, RIGHT, 5
0, 0, 0, 4, 0, 0, 0, 2, 0, 0, 128, 2, 0, 0, 2, 32, 880, N/A, N/A, UP, 5
0, 0, 128, 4, 0, 0, 2, 4, 0, 0, 0, 32, 0, 0, 2, 0, 884, N/A, N/A, LEFT, 5
128, 4, 0, 0, 2, 4, 2, 0, 32, 0, 0, 0, 2, 0, 0, 0, 884, N/A, N/A, DOWN, 5
128, 0, 0, 0, 2, 0, 0, 2, 32, 0, 0, 0, 2, 8, 2, 0, 892, N/A, N/A, RIGHT, 5
0, 0, 2, 128, 0, 0, 0, 4, 0, 0, 0, 32, 0, 2, 8, 2, 896, N/A, N/A, LEFT, 5
2, 128, 0, 0, 4, 0, 0, 0, 32, 2, 0, 0, 2, 8, 2, 0, 896, N/A, N/A, RIGHT, 5
2, 0, 2, 128, 0, 0, 0, 4, 0, 0, 32, 2, 0, 2, 8, 2, 896, N/A, N/A, LEFT, 5
4, 128, 0, 0, 4, 0, 0, 0, 32, 2, 0, 2, 2, 8, 2, 0, 900, N/A, N/A, DOWN, 5
0, 0, 0, 0, 8, 128, 0, 0, 32, 2, 0, 2, 2, 8, 2, 2, 908, N/A, N/A, UP, 5
8, 128, 2, 4, 32, 2, 0, 0, 2, 8, 0, 2, 0, 0, 0, 0, 912, N/A, N/A, UP, 5
8, 128, 2, 4, 32, 2, 2, 2, 2, 8, 0, 0, 0, 0, 0, 0, 912, N/A, N/A, DOWN, 5
0, 0, 0, 0, 8, 128, 0, 0, 32, 2, 2, 4, 2, 8, 4, 2, 916, N/A, N/A, UP, 5
8, 128, 2, 4, 32, 2, 4, 2, 2, 8, 0, 2, 0, 0, 0, 0, 916, N/A, N/A, DOWN, 5
0, 0, 0, 0, 8, 128, 0, 2, 32, 2, 2, 0, 2, 8, 4, 8, 928, N/A, N/A, UP, 5
8, 128, 2, 2, 32, 2, 4, 8, 2, 8, 0, 0, 4, 0, 0, 0, 928, N/A, N/A, DOWN, 5
8, 2, 0, 0, 32, 128, 0, 0, 2, 2, 2, 2, 4, 8, 4, 8, 928, N/A, N/A, RIGHT, 5
0, 2, 8, 2, 0, 0, 32, 128, 0, 0, 4, 4, 4, 8, 4, 8, 936, N/A, N/A, DOWN, 5
2, 0, 0, 2, 0, 0, 8, 128, 0, 2, 32, 4, 4, 8, 8, 8, 944, N/A, N/A, DOWN, 5
2, 0, 0, 2, 0, 0, 8, 128, 2, 2, 32, 4, 4, 8, 8, 8, 944, N/A, N/A, DOWN, 5
2, 0, 0, 2, 0, 0, 8, 128, 4, 2, 32, 4, 4, 8, 8, 8, 948, N/A, N/A, LEFT, 5
4, 0, 2, 0, 8, 128, 0, 0, 4, 2, 32, 4, 4, 16, 8, 0, 968, N/A, N/A, UP, 5
4, 128, 2, 4, 8, 2, 32, 0, 8, 16, 8, 2, 0, 0, 0, 0, 976, N/A, N/A, DOWN, 5
0, 0, 0, 0, 0, 128, 2, 2, 4, 2, 32, 4, 16, 16, 8, 2, 992, N/A, N/A, RIGHT, 5
0, 0, 0, 2, 0, 0, 128, 4, 4, 2, 32, 4, 0, 32, 8, 2, 1028, N/A, N/A, UP, 5
4, 2, 128, 2, 2, 32, 32, 8, 0, 0, 8, 2, 0, 0, 0, 0, 1036, N/A, N/A, DOWN, 5
0, 0, 0, 0, 2, 0, 128, 2, 4, 2, 32, 8, 2, 32, 8, 2, 1036, N/A, N/A, LEFT, 5
0, 0, 2, 0, 2, 128, 2, 0, 4, 2, 32, 8, 2, 32, 8, 2, 1036, N/A, N/A, RIGHT, 5
2, 0, 0, 2, 0, 2, 128, 2, 4, 2, 32, 8, 2, 32, 8, 2, 1036, N/A, N/A, RIGHT, 5
0, 4, 0, 4, 0, 2, 128, 2, 4, 2, 32, 8, 2, 32, 8, 2, 1040, N/A, N/A, DOWN, 5
0, 0, 0, 4, 0, 2, 128, 2, 4, 8, 32, 8, 2, 32, 8, 2, 1052, N/A, N/A, LEFT, 5
4, 0, 0, 0, 2, 128, 2, 2, 4, 8, 32, 8, 2, 32, 8, 2, 1052, N/A, N/A, LEFT, 5
4, 0, 2, 0, 2, 128, 4, 0, 4, 8, 32, 8, 2, 32, 8, 2, 1056, N/A, N/A, LEFT, 5
4, 2, 0, 0, 2, 128, 4, 2, 4, 8, 32, 8, 2, 32, 8, 2, 1056, N/A, N/A, UP, 5
4, 2, 4, 2, 2, 128, 32, 8, 4, 8, 8, 2, 2, 32, 0, 2, 1056, N/A, N/A, UP, 5
4, 2, 4, 2, 2, 128, 32, 8, 4, 8, 8, 4, 2, 32, 2, 0, 1060, N/A, N/A, RIGHT, 5
4, 2, 4, 2, 2, 128, 32, 8, 0, 4, 16, 4, 2, 2, 32, 2, 1076, N/A, N/A, UP, 5
4, 2, 4, 2, 4, 128, 32, 8, 2, 4, 16, 4, 0, 2, 32, 2, 1080, N/A, N/A, LEFT, 5
4, 2, 4, 2, 4, 128, 32, 8, 2, 4, 16, 4, 2, 32, 2, 2, 1080, N/A, N/A, UP, 5
8, 2, 4, 2, 4, 128, 32, 8, 2, 4, 16, 4, 0, 32, 2, 2, 1092, N/A, N/A, LEFT, 5
8, 2, 4, 2, 4, 128, 32, 8, 2, 4, 16, 4, 32, 4, 0, 4, 1096, N/A, N/A, LEFT, 5
8, 2, 4, 2, 4, 128, 32, 8, 2, 4, 16, 4, 32, 8, 4, 0, 1104, N/A, N/A, DOWN, 5
8, 2, 4, 4, 4, 128, 32, 2, 2, 4, 16, 8, 32, 8, 4, 4, 1104, N/A, N/A, LEFT, 5
8, 2, 8, 2, 4, 128, 32, 2, 2, 4, 16, 8, 32, 8, 8, 0, 1120, N/A, N/A, UP, 5
8, 2, 8, 4, 4, 128, 32, 8, 2, 4, 16, 0, 32, 8, 8, 2, 1124, N/A, N/A, RIGHT, 5
8, 2, 8, 4, 4, 128, 32, 8, 0, 2, 4, 16, 2, 32, 16, 2, 1140, N/A, N/A, LEFT, 5
8, 2, 8, 4, 4, 128, 32, 8, 2, 4, 16, 2, 2, 32, 16, 2, 1140, N/A, N/A, UP, 5
8, 2, 8, 4, 4, 128, 32, 8, 4, 4, 32, 4, 2, 32, 0, 0, 1180, N/A, N/A, LEFT, 5
8, 2, 8, 4, 4, 128, 32, 8, 8, 32, 4, 0, 2, 32, 2, 0, 1188, N/A, N/A, DOWN, 5
8, 4, 8, 0, 4, 2, 32, 0, 8, 128, 4, 4, 2, 64, 2, 8, 1252, N/A, N/A, LEFT, 5
8, 4, 8, 0, 4, 2, 32, 0, 8, 128, 8, 2, 2, 64, 2, 8, 1260, N/A, N/A, UP, 5
8, 4, 8, 2, 4, 2, 32, 8, 8, 128, 8, 2, 2, 64, 2, 0, 1260, N/A, N/A, DOWN, 5
8, 4, 8, 2, 4, 2, 32, 2, 8, 128, 8, 8, 2, 64, 2, 2, 1260, N/A, N/A, DOWN, 5
8, 4, 8, 2, 4, 2, 32, 4, 8, 128, 8, 8, 2, 64, 2, 2, 1264, N/A, N/A, RIGHT, 5
8, 4, 8, 2, 4, 2, 32, 4, 0, 8, 128, 16, 2, 2, 64, 4, 1284, N/A, N/A, UP, 5
8, 4, 8, 2, 4, 2, 32, 4, 2, 8, 128, 16, 2, 2, 64, 4, 1284, N/A, N/A, DOWN, 5
0, 4, 8, 2, 0, 2, 32, 4, 2, 8, 128, 16, 16, 2, 64, 4, 1312, N/A, N/A, LEFT, 5
4, 8, 2, 2, 2, 32, 4, 0, 2, 8, 128, 16, 16, 2, 64, 4, 1312, N/A, N/A, RIGHT, 5
2, 4, 8, 4, 0, 2, 32, 4, 2, 8, 128, 16, 16, 2, 64, 4, 1316, N/A, N/A, DOWN, 5
0, 4, 8, 0, 2, 2, 32, 8, 4, 8, 128, 16, 16, 2, 64, 4, 1328, N/A, N/A, LEFT, 5
4, 8, 0, 0, 4, 32, 8, 4, 4, 8, 128, 16, 16, 2, 64, 4, 1332, N/A, N/A, RIGHT, 5
0, 2, 4, 8, 4, 32, 8, 4, 4, 8, 128, 16, 16, 2, 64, 4, 1332, N/A, N/A, DOWN, 5
2, 2, 4, 8, 0, 32, 8, 4, 8, 8, 128, 16, 16, 2, 64, 4, 1340, N/A, N/A, UP, 5
2, 2, 4, 8, 8, 32, 8, 4, 16, 8, 128, 16, 2, 2, 64, 4, 1340, N/A, N/A, RIGHT, 5
0, 4, 4, 8, 8, 32, 8, 4, 16, 8, 128, 16, 2, 4, 64, 4, 1348, N/A, N/A, UP, 5
8, 4, 4, 8, 16, 32, 8, 4, 2, 8, 128, 16, 2, 4, 64, 4, 1348, N/A, N/A, UP, 5
8, 4, 4, 8, 16, 32, 8, 4, 4, 8, 128, 16, 2, 4, 64, 4, 1352, N/A, N/A, LEFT, 5
8, 16, 0, 2, 16, 32, 8, 4, 4, 8, 128, 16, 2, 4, 64, 4, 1376, N/A, N/A, LEFT, 5
8, 16, 2, 2, 16, 32, 8, 4, 4, 8, 128, 16, 2, 4, 64, 4, 1376, N/A, N/A, RIGHT, 5
2, 8, 16, 4, 16, 32, 8, 4, 4, 8, 128, 16, 2, 4, 64, 4, 1380, N/A, N/A, DOWN, 5
2, 8, 16, 2, 16, 32, 8, 8, 4, 8, 128, 16, 2, 4, 64, 4, 1388, N/A, N/A, LEFT, 5
2, 8, 16, 2, 16, 32, 16, 2, 4, 8, 128, 16, 2, 4, 64, 4, 1404, N/A, N/A, DOWN, 5
2, 8, 2, 0, 16, 32, 32, 4, 4, 8, 128, 16, 2, 4, 64, 4, 1440, N/A, N/A, LEFT, 5
2, 8, 2, 0, 16, 64, 4, 2, 4, 8, 128, 16, 2, 4, 64, 4, 1504, N/A, N/A, UP, 5
2, 8, 2, 2, 16, 64, 4, 16, 4, 8, 128, 4, 2, 4, 64, 2, 1504, N/A, N/A, RIGHT, 5
2, 2, 8, 4, 16, 64, 4, 16, 4, 8, 128, 4, 2, 4, 64, 2, 1508, N/A, N/A, LEFT, 5
4, 8, 4, 2, 16, 64, 4, 16, 4, 8, 128, 4, 2, 4, 64, 2, 1512, N/A, N/A, DOWN, 5
4, 8, 2, 2, 16, 64, 8, 16, 4, 8, 128, 4, 2, 4, 64, 2, 1520, N/A, N/A, RIGHT, 5
2, 4, 8, 4, 16, 64, 8, 16, 4, 8, 128, 4, 2, 4, 64, 2, 1524, N/A, N/A, UP, 5
2, 4, 16, 4, 16, 64, 128, 16, 4, 8, 64, 4, 2, 4, 2, 2, 1540, N/A, N/A, RIGHT, 5
2, 4, 16, 4, 16, 64, 128, 16, 4, 8, 64, 4, 2, 0, 2, 8, 1552, N/A, N/A, DOWN, 5
2, 2, 16, 4, 16, 4, 128, 16, 4, 64, 64, 4, 2, 8, 2, 8, 1552, N/A, N/A, RIGHT, 5
2, 4, 16, 4, 16, 4, 128, 16, 0, 4, 128, 4, 2, 8, 2, 8, 1684, N/A, N/A, DOWN, 5
0, 2, 0, 4, 2, 4, 16, 16, 16, 8, 256, 4, 2, 8, 2, 8, 1948, N/A, N/A, LEFT, 5
2, 4, 0, 2, 2, 4, 32, 0, 16, 8, 256, 4, 2, 8, 2, 8, 1980, N/A, N/A, LEFT, 5
2, 4, 2, 0, 2, 4, 32, 2, 16, 8, 256, 4, 2, 8, 2, 8, 1980, N/A, N/A, UP, 5
4, 16, 2, 2, 16, 8, 32, 4, 2, 0, 256, 8, 0, 0, 2, 2, 2008, N/A, N/A, LEFT, 5
4, 16, 4, 0, 16, 8, 32, 4, 2, 256, 8, 0, 4, 0, 2, 0, 2016, N/A, N/A, UP, 5
4, 16, 4, 4, 16, 8, 32, 0, 2, 256, 8, 2, 4, 0, 2, 0, 2016, N/A, N/A, UP, 5
4, 16, 4, 4, 16, 8, 32, 2, 2, 256, 8, 0, 4, 2, 2, 0, 2016, N/A, N/A, LEFT, 5
4, 16, 8, 0, 16, 8, 32, 2, 2, 256, 8, 0, 4, 4, 2, 0, 2028, N/A, N/A, LEFT, 5
4, 16, 8, 0, 16, 8, 32, 2, 2, 256, 8, 0, 8, 2, 0, 2, 2036, N/A, N/A, DOWN, 5
4, 16, 0, 0, 16, 8, 8, 0, 2, 256, 32, 2, 8, 2, 8, 4, 2040, N/A, N/A, UP, 5
4, 16, 8, 2, 16, 8, 32, 4, 2, 256, 8, 0, 8, 2, 2, 0, 2040, N/A, N/A, LEFT, 5
4, 16, 8, 2, 16, 8, 32, 4, 2, 256, 8, 0, 8, 4, 0, 2, 2044, N/A, N/A, UP, 5
4, 16, 8, 2, 16, 8, 32, 4, 2, 256, 8, 2, 8, 4, 2, 0, 2044, N/A, N/A, DOWN, 5
4, 16, 8, 2, 16, 8, 32, 2, 2, 256, 8, 4, 8, 4, 2, 2, 2044, N/A, N/A, UP, 5
4, 16, 8, 8, 16, 8, 32, 2, 2, 256, 8, 0, 8, 4, 2, 2, 2056, N/A, N/A, UP, 5
4, 16, 8, 8, 16, 8, 32, 4, 2, 256, 8, 0, 8, 4, 2, 2, 2060, N/A, N/A, LEFT, 5
4, 16, 16, 2, 16, 8, 32, 4, 2, 256, 8, 0, 8, 4, 4, 0, 2080, N/A, N/A, LEFT, 5
4, 32, 2, 0, 16, 8, 32, 4, 2, 256, 8, 0, 8, 8, 0, 2, 2120, N/A, N/A, UP, 5
4, 32, 2, 4, 16, 8, 32, 2, 2, 256, 8, 0, 8, 8, 0, 2, 2120, N/A, N/A, LEFT, 5
4, 32, 2, 4, 16, 8, 32, 2, 2, 256, 8, 4, 16, 2, 0, 0, 2136, N/A, N/A, RIGHT, 5
4, 32, 2, 4, 16, 8, 32, 2, 2, 256, 8, 4, 2, 0, 16, 2, 2136, N/A, N/A, UP, 5
4, 32, 2, 4, 16, 8, 32, 2, 4, 256, 8, 4, 0, 2, 16, 2, 2140, N/A, N/A, LEFT, 5
4, 32, 2, 4, 16, 8, 32, 2, 4, 256, 8, 4, 2, 16, 2, 2, 2140, N/A, N/A, RIGHT, 5
4, 32, 2, 4, 16, 8, 32, 2, 4, 256, 8, 4, 2, 2, 16, 4, 2144, N/A, N/A, DOWN, 5
4, 32, 2, 2, 16, 8, 32, 4, 4, 256, 8, 2, 2, 2, 16, 8, 2152, N/A, N/A, LEFT, 5
4, 32, 4, 0, 16, 8, 32, 4, 4, 256, 8, 2, 4, 16, 8, 2, 2160, N/A, N/A, RIGHT, 5
2, 4, 32, 4, 16, 8, 32, 4, 4, 256, 8, 2, 4, 16, 8, 2, 2160, N/A, N/A, DOWN, 5
0, 4, 2, 0, 2, 8, 0, 0, 16, 256, 64, 4, 8, 16, 16, 8, 2260, N/A, N/A, DOWN, 5
0, 4, 0, 0, 2, 8, 2, 4, 16, 256, 64, 4, 8, 16, 16, 8, 2260, N/A, N/A, RIGHT, 5
0, 0, 0, 4, 2, 8, 2, 4, 16, 256, 64, 4, 2, 8, 32, 8, 2292, N/A, N/A, DOWN, 5
0, 0, 2, 0, 2, 8, 2, 4, 16, 256, 64, 8, 2, 8, 32, 8, 2300, N/A, N/A, DOWN, 5
0, 0, 0, 2, 2, 8, 4, 0, 16, 256, 64, 4, 2, 8, 32, 16, 2320, N/A, N/A, LEFT, 5
2, 0, 0, 0, 2, 8, 4, 2, 16, 256, 64, 4, 2, 8, 32, 16, 2320, N/A, N/A, RIGHT, 5
0, 0, 2, 2, 2, 8, 4, 2, 16, 256, 64, 4, 2, 8, 32, 16, 2320, N/A, N/A, RIGHT, 5
0, 2, 0, 4, 2, 8, 4, 2, 16, 256, 64, 4, 2, 8, 32, 16, 2324, N/A, N/A, UP, 5
2, 2, 4, 4, 16, 8, 64, 2, 2, 256, 32, 4, 0, 8, 2, 16, 2324, N/A, N/A, LEFT, 5
8, 4, 2, 0, 16, 8, 64, 2, 2, 256, 32, 4, 8, 2, 16, 0, 2336, N/A, N/A, RIGHT, 5
2, 8, 4, 2, 16, 8, 64, 2, 2, 256, 32, 4, 0, 8, 2, 16, 2336, N/A, N/A, LEFT, 5
2, 8, 4, 2, 16, 8, 64, 2, 2, 256, 32, 4, 8, 2, 16, 2, 2336, N/A, N/A, DOWN, 5
2, 2, 4, 0, 16, 16, 64, 4, 2, 256, 32, 4, 8, 2, 16, 2, 2356, N/A, N/A, DOWN, 5
2, 2, 4, 0, 16, 16, 64, 2, 2, 256, 32, 8, 8, 2, 16, 2, 2364, N/A, N/A, LEFT, 5
8, 2, 0, 0, 32, 64, 2, 0, 2, 256, 32, 8, 8, 2, 16, 2, 2408, N/A, N/A, UP, 5
8, 2, 2, 8, 32, 64, 32, 2, 2, 256, 16, 2, 8, 2, 0, 0, 2408, N/A, N/A, RIGHT, 5
2, 8, 4, 8, 32, 64, 32, 2, 2, 256, 16, 2, 0, 0, 8, 2, 2412, N/A, N/A, LEFT, 5
2, 8, 4, 8, 32, 64, 32, 2, 2, 256, 16, 2, 8, 2, 0, 2, 2412, N/A, N/A, DOWN, 5
2, 8, 2, 0, 32, 64, 4, 8, 2, 256, 32, 2, 8, 2, 16, 4, 2416, N/A, N/A, UP, 5
2, 0, 2, 0, 0, 0, 0, 0, 0, 2, 0, 0, 0, 0, 0, 0, 0, N/A, N/A, DOWN, 6
0, 0, 2, 0, 0, 0, 0, 0, 0, 0, 0, 0, 2, 2, 2, 0, 0, N/A, N/A, RIGHT, 6
0, 0, 0, 2, 0, 0, 0, 0, 0, 0, 2, 0, 0, 0, 2, 4, 4, N/A, N/A, RIGHT, 6
0, 0, 0, 2, 0, 0, 0, 0, 0, 0, 0, 2, 0, 2, 2, 4, 4, N/A, N/A, LEFT, 6
2, 0, 0, 0, 0, 2, 0, 0, 2, 0, 0, 0, 8, 0, 0, 0, 16, N/A, N/A, DOWN, 6
0, 0, 0, 0, 0, 0, 0, 0, 4, 0, 0, 0, 8, 2, 0, 2, 20, N/A, N/A, LEFT, 6
0, 0, 0, 0, 2, 0, 0, 0, 4, 0, 0, 0, 8, 4, 0, 0, 24, N/A, N/A, RIGHT, 6
2, 0, 0, 0, 0, 0, 0, 2, 0, 0, 0, 4, 0, 0, 8, 4, 24, N/A, N/A, DOWN, 6
0, 0, 0, 2, 0, 0, 0, 0, 0, 0, 0, 2, 2, 0, 8, 8, 32, N/A, N/A, LEFT, 6
2, 0, 0, 0, 0, 0, 0, 2, 2, 0, 0, 0, 2, 16, 0, 0, 48, N/A, N/A, UP, 6
4, 16, 0, 2, 2, 0, 0, 0, 0, 0, 0, 0, 2, 0, 0, 0, 52, N/A, N/A, RIGHT, 6
0, 4, 16, 2, 0, 0, 2, 2, 0, 0, 0, 0, 0, 0, 0, 2, 52, N/A, N/A, UP, 6
0, 4, 16, 4, 0, 0, 2, 2, 0, 0, 0, 2, 0, 0, 0, 0, 56, N/A, N/A, RIGHT, 6
0, 4, 16, 4, 0, 0, 0, 4, 0, 0, 0, 2, 2, 0, 0, 0, 60, N/A, N/A, UP, 6
2, 4, 16, 8, 0, 2, 0, 2, 0, 0, 0, 0, 0, 0, 0, 0, 68, N/A, N/A, DOWN, 6
0, 0, 0, 0, 0, 2, 0, 0, 0, 4, 0, 8, 2, 2, 16, 2, 68, N/A, N/A, UP, 6
2, 2, 16, 8, 0, 4, 0, 2, 0, 2, 2, 0, 0, 0, 0, 0, 68, N/A, N/A, RIGHT, 6
0, 4, 16, 8, 0, 0, 4, 2, 2, 0, 0, 4, 0, 0, 0, 0, 76, N/A, N/A, RIGHT, 6
0, 4, 16, 8, 0, 2, 4, 2, 0, 0, 2, 4, 0, 0, 0, 0, 76, N/A, N/A, DOWN, 6
0, 0, 0, 2, 0, 0, 16, 8, 0, 4, 4, 2, 0, 2, 2, 4, 76, N/A, N/A, RIGHT, 6
0, 0, 0, 2, 0, 0, 16, 8, 2, 0, 8, 2, 0, 0, 4, 4, 88, N/A, N/A, LEFT, 6
2, 0, 0, 0, 16, 8, 4, 0, 2, 8, 2, 0, 8, 0, 0, 0, 96, N/A, N/A, DOWN, 6
2, 2, 0, 0, 16, 0, 0, 0, 2, 0, 4, 0, 8, 16, 2, 0, 112, N/A, N/A, DOWN, 6
2, 0, 0, 0, 16, 0, 0, 2, 2, 2, 4, 0, 8, 16, 2, 0, 112, N/A, N/A, DOWN, 6
2, 0, 2, 0, 16, 0, 0, 0, 2, 2, 4, 0, 8, 16, 2, 2, 112, N/A, N/A, DOWN, 6
2, 0, 2, 0, 16, 0, 2, 0, 2, 2, 4, 0, 8, 16, 2, 2, 112, N/A, N/A, DOWN, 6
2, 2, 0, 0, 16, 0, 4, 0, 2, 2, 4, 0, 8, 16, 2, 2, 116, N/A, N/A, DOWN, 6
2, 0, 0, 0, 16, 0, 0, 0, 2, 4, 8, 2, 8, 16, 2, 2, 128, N/A, N/A, RIGHT, 6
0, 0, 0, 2, 0, 2, 0, 16, 2, 4, 8, 2, 0, 8, 16, 4, 132, N/A, N/A, LEFT, 6
2, 0, 0, 2, 2, 16, 0, 0, 2, 4, 8, 2, 8, 16, 4, 0, 132, N/A, N/A, RIGHT, 6
0, 0, 0, 4, 0, 0, 2, 16, 2, 4, 8, 2, 2, 8, 16, 4, 136, N/A, N/A, UP, 6
4, 4, 2, 4, 0, 8, 8, 16, 0, 0, 16, 2, 0, 0, 4, 4, 140, N/A, N/A, LEFT, 6
8, 2, 4, 0, 32, 2, 0, 0, 16, 2, 0, 0, 8, 0, 0, 0, 204, N/A, N/A, RIGHT, 6
0, 8, 2, 4, 0, 0, 32, 2, 0, 0, 16, 2, 2, 0, 0, 8, 204, N/A, N/A, RIGHT, 6
0, 8, 2, 4, 0, 0, 32, 2, 0, 0, 16, 2, 0, 2, 2, 8, 204, N/A, N/A, UP, 6
0, 8, 2, 4, 0, 2, 32, 4, 0, 2, 16, 8, 0, 0, 2, 0, 208, N/A, N/A, DOWN, 6
0, 2, 2, 0, 0, 0, 32, 0, 0, 8, 16, 8, 0, 4, 2, 8, 220, N/A, N/A, RIGHT, 6
0, 0, 2, 4, 0, 0, 0, 32, 0, 8, 16, 8, 0, 4, 2, 8, 224, N/A, N/A, LEFT, 6
2, 4, 0, 0, 32, 0, 0, 0, 8, 16, 8, 0, 4, 2, 8, 2, 224, N/A, N/A, RIGHT, 6
0, 0, 2, 4, 2, 0, 0, 32, 0, 8, 16, 8, 4, 2, 8, 2, 224, N/A, N/A, DOWN, 6
0, 2, 0, 4, 0, 0, 2, 32, 2, 8, 16, 8, 4, 2, 8, 2, 224, N/A, N/A, UP, 6
2, 2, 2, 4, 4, 8, 16, 32, 2, 2, 8, 8, 0, 0, 0, 2, 224, N/A, N/A, RIGHT, 6
0, 2, 4, 4, 4, 8, 16, 32, 0, 0, 4, 16, 2, 0, 0, 2, 248, N/A, N/A, DOWN, 6
0, 2, 0, 4, 0, 0, 4, 32, 4, 2, 16, 16, 2, 8, 4, 2, 248, N/A, N/A, RIGHT, 6
2, 0, 2, 4, 0, 0, 4, 32, 0, 4, 2, 32, 2, 8, 4, 2, 280, N/A, N/A, DOWN, 6
2, 0, 2, 0, 0, 0, 4, 4, 0, 4, 2, 64, 4, 8, 4, 2, 348, N/A, N/A, UP, 6
2, 4, 2, 4, 4, 8, 4, 64, 0, 0, 2, 2, 0, 0, 4, 2, 348, N/A, N/A, LEFT, 6
2, 4, 2, 4, 4, 8, 4, 64, 4, 0, 0, 0, 4, 2, 0, 4, 352, N/A, N/A, UP, 6
2, 4, 2, 4, 8, 8, 4, 64, 4, 2, 0, 4, 0, 2, 0, 0, 360, N/A, N/A, UP, 6
2, 4, 2, 4, 8, 8, 4, 64, 4, 4, 2, 4, 0, 0, 0, 0, 364, N/A, N/A, DOWN, 6
0, 2, 0, 0, 2, 4, 2, 4, 8, 8, 4, 64, 4, 4, 2, 4, 364, N/A, N/A, UP, 6
2, 2, 2, 4, 8, 4, 4, 64, 4, 8, 2, 4, 0, 4, 2, 0, 364, N/A, N/A, DOWN, 6
0, 2, 0, 2, 2, 4, 0, 4, 8, 8, 2, 64, 4, 4, 8, 4, 376, N/A, N/A, UP, 6
2, 2, 2, 2, 8, 4, 8, 4, 4, 8, 0, 64, 0, 4, 2, 4, 376, N/A, N/A, DOWN, 6
4, 2, 0, 2, 2, 4, 2, 4, 8, 8, 8, 64, 4, 4, 2, 4, 376, N/A, N/A, RIGHT, 6
2, 0, 0, 8, 2, 4, 2, 4, 0, 8, 16, 64, 0, 8, 2, 4, 412, N/A, N/A, UP, 6
4, 4, 2, 8, 0, 16, 16, 4, 0, 4, 2, 64, 0, 0, 0, 4, 432, N/A, N/A, LEFT, 6
8, 2, 8, 0, 32, 4, 2, 0, 4, 2, 64, 0, 4, 0, 0, 0, 472, N/A, N/A, RIGHT, 6
0, 8, 2, 8, 0, 32, 4, 2, 0, 4, 2, 64, 0, 2, 0, 4, 472, N/A, N/A, RIGHT, 6
0, 8, 2, 8, 0, 32, 4, 2, 0, 4, 2, 64, 2, 0, 2, 4, 472, N/A, N/A, DOWN, 6
0, 0, 0, 8, 0, 8, 0, 2, 2, 32, 2, 64, 2, 4, 8, 4, 484, N/A, N/A, RIGHT, 6
0, 2, 0, 8, 0, 0, 8, 2, 2, 32, 2, 64, 2, 4, 8, 4, 484, N/A, N/A, LEFT, 6
2, 8, 0, 4, 8, 2, 0, 0, 2, 32, 2, 64, 2, 4, 8, 4, 484, N/A, N/A, UP, 6
2, 8, 2, 4, 8, 2, 8, 64, 4, 32, 2, 4, 0, 4, 0, 0, 488, N/A, N/A, DOWN, 6
0, 8, 2, 0, 2, 2, 2, 4, 8, 32, 8, 64, 4, 4, 2, 4, 488, N/A, N/A, RIGHT, 6
0, 0, 8, 2, 0, 2, 4, 4, 8, 32, 8, 64, 2, 8, 2, 4, 500, N/A, N/A, LEFT, 6
8, 2, 4, 0, 2, 8, 0, 0, 8, 32, 8, 64, 2, 8, 2, 4, 508, N/A, N/A, RIGHT, 6
2, 8, 2, 4, 0, 0, 2, 8, 8, 32, 8, 64, 2, 8, 2, 4, 508, N/A, N/A, DOWN, 6
2, 0, 0, 4, 2, 8, 4, 8, 8, 32, 8, 64, 2, 8, 2, 4, 512, N/A, N/A, LEFT, 6
2, 4, 2, 0, 2, 8, 4, 8, 8, 32, 8, 64, 2, 8, 2, 4, 512, N/A, N/A, UP, 6
4, 4, 2, 8, 8, 8, 4, 64, 2, 32, 8, 4, 2, 8, 2, 0, 516, N/A, N/A, UP, 6
4, 4, 2, 8, 8, 8, 4, 64, 4, 32, 8, 4, 0, 8, 2, 2, 520, N/A, N/A, DOWN, 6
2, 4, 2, 8, 4, 8, 4, 64, 8, 32, 8, 4, 4, 8, 2, 2, 520, N/A, N/A, RIGHT, 6
2, 4, 2, 8, 4, 8, 4, 64, 8, 32, 8, 4, 2, 4, 8, 4, 524, N/A, N/A, UP, 6
2, 4, 2, 8, 4, 8, 4, 64, 8, 32, 16, 8, 2, 4, 2, 0, 548, N/A, N/A, RIGHT, 6
2, 4, 2, 8, 4, 8, 4, 64, 8, 32, 16, 8, 2, 2, 4, 2, 548, N/A, N/A, RIGHT, 6
2, 4, 2, 8, 4, 8, 4, 64, 8, 32, 16, 8, 2, 4, 4, 2, 552, N/A, N/A, LEFT, 6
2, 4, 2, 8, 4, 8, 4, 64, 8, 32, 16, 8, 2, 8, 2, 2, 560, N/A, N/A, LEFT, 6
2, 4, 2, 8, 4, 8, 4, 64, 8, 32, 16, 8, 2, 8, 4, 4, 564, N/A, N/A, RIGHT, 6
2, 4, 2, 8, 4, 8, 4, 64, 8, 32, 16, 8, 0, 2, 2, 16, 588, N/A, N/A, DOWN, 6
2, 4, 2, 8, 2, 8, 4, 64, 4, 32, 16, 8, 8, 2, 2, 16, 588, N/A, N/A, DOWN, 6
2, 4, 2, 8, 4, 8, 4, 64, 4, 32, 16, 8, 8, 2, 2, 16, 592, N/A, N/A, RIGHT, 6
2, 4, 2, 8, 4, 8, 4, 64, 4, 32, 16, 8, 2, 8, 4, 16, 596, N/A, N/A, DOWN, 6
2, 4, 2, 8, 2, 8, 4, 64, 8, 32, 16, 8, 2, 8, 4, 16, 604, N/A, N/A, DOWN, 6
0, 0, 0, 0, 0, 0, 0, 0, 0, 2, 0, 0, 0, 0, 0, 0, 0, N/A, N/A, RIGHT, 7
0, 0, 0, 0, 0, 0, 0, 0, 0, 0, 0, 2, 0, 0, 2, 0, 0, N/A, N/A, LEFT, 7
0, 2, 0, 0, 0, 0, 0, 0, 2, 0, 0, 0, 2, 0, 0, 0, 0, N/A, N/A, UP, 7
4, 2, 0, 0, 0, 0, 0, 0, 0, 0, 0, 2, 0, 0, 0, 0, 4, N/A, N/A, UP, 7
4, 2, 0, 2, 0, 0, 0, 0, 0, 0, 2, 0, 0, 0, 0, 0, 4, N/A, N/A, UP, 7
4, 2, 2, 2, 0, 0, 0, 0, 0, 0, 2, 0, 0, 0, 0, 0, 4, N/A, N/A, LEFT, 7
4, 4, 2, 0, 0, 0, 2, 0, 2, 0, 0, 0, 0, 0, 0, 0, 8, N/A, N/A, RIGHT, 7
4, 0, 8, 2, 0, 0, 0, 2, 0, 0, 0, 2, 0, 0, 0, 0, 16, N/A, N/A, RIGHT, 7
0, 4, 8, 2, 0, 0, 0, 2, 0, 0, 0, 2, 2, 0, 0, 0, 16, N/A, N/A, UP, 7
2, 4, 8, 4, 2, 0, 0, 2, 0, 0, 0, 0, 0, 0, 0, 0, 20, N/A, N/A, DOWN, 7
2, 0, 0, 0, 0, 0, 0, 0, 0, 0, 0, 4, 4, 4, 8, 2, 24, N/A, N/A, LEFT, 7
2, 0, 0, 0, 0, 0, 0, 2, 4, 0, 0, 0, 16, 2, 0, 0, 48, N/A, N/A, DOWN, 7
0, 0, 0, 0, 2, 0, 0, 2, 4, 0, 0, 0, 16, 2, 0, 2, 48, N/A, N/A, UP, 7
2, 2, 0, 4, 4, 0, 0, 0, 16, 2, 0, 0, 0, 0, 0, 0, 52, N/A, N/A, UP, 7
2, 4, 2, 4, 4, 0, 0, 0, 16, 0, 0, 0, 0, 0, 0, 0, 56, N/A, N/A, DOWN, 7
0, 0, 0, 0, 2, 2, 0, 0, 4, 0, 0, 0, 16, 4, 2, 4, 56, N/A, N/A, LEFT, 7
0, 0, 0, 0, 4, 2, 0, 0, 4, 0, 0, 0, 16, 4, 2, 4, 60, N/A, N/A, UP, 7
8, 2, 2, 4, 16, 4, 0, 0, 0, 0, 0, 2, 0, 0, 0, 0, 68, N/A, N/A, UP, 7
8, 2, 2, 4, 16, 4, 2, 2, 0, 0, 0, 0, 0, 0, 0, 0, 68, N/A, N/A, LEFT, 7
8, 8, 0, 0, 16, 4, 4, 0, 0, 2, 0, 0, 0, 0, 0, 0, 84, N/A, N/A, UP, 7
8, 8, 4, 0, 16, 4, 0, 0, 2, 2, 0, 0, 0, 0, 0, 0, 84, N/A, N/A, LEFT, 7
16, 4, 0, 0, 16, 4, 2, 0, 4, 0, 0, 0, 0, 0, 0, 0, 104, N/A, N/A, UP, 7
32, 8, 2, 0, 4, 0, 0, 0, 0, 0, 4, 0, 0, 0, 0, 0, 144, N/A, N/A, LEFT, 7
32, 8, 2, 0, 4, 0, 0, 0, 4, 0, 0, 0, 0, 0, 2, 0, 144, N/A, N/A, DOWN, 7
0, 0, 0, 0, 4, 0, 0, 0, 32, 0, 0, 0, 8, 8, 4, 0, 156, N/A, N/A, LEFT, 7
0, 0, 0, 0, 4, 0, 0, 2, 32, 0, 0, 0, 16, 4, 0, 0, 172, N/A, N/A, RIGHT, 7
0, 0, 2, 0, 0, 0, 4, 2, 0, 0, 0, 32, 0, 0, 16, 4, 172, N/A, N/A, LEFT, 7
2, 0, 0, 0, 4, 2, 0, 0, 32, 0, 4, 0, 16, 4, 0, 0, 172, N/A, N/A, DOWN, 7
2, 0, 0, 0, 4, 0, 0, 0, 32, 2, 0, 0, 16, 4, 4, 2, 172, N/A, N/A, LEFT, 7
2, 0, 0, 0, 4, 0, 0, 2, 32, 2, 0, 0, 16, 8, 2, 0, 180, N/A, N/A, LEFT, 7
2, 0, 0, 4, 4, 2, 0, 0, 32, 2, 0, 0, 16, 8, 2, 0, 180, N/A, N/A, DOWN, 7
2, 0, 0, 0, 4, 0, 0, 0, 32, 4, 2, 0, 16, 8, 2, 4, 184, N/A, N/A, DOWN, 7
2, 0, 0, 0, 4, 0, 0, 0, 32, 4, 0, 2, 16, 8, 4, 4, 188, N/A, N/A, UP, 7
2, 4, 4, 2, 4, 8, 2, 4, 32, 0, 0, 0, 16, 0, 0, 0, 188, N/A, N/A, LEFT, 7
2, 8, 2, 0, 4, 8, 2, 4, 32, 0, 0, 4, 16, 0, 0, 0, 196, N/A, N/A, RIGHT, 7
0, 2, 8, 2, 4, 8, 2, 4, 0, 0, 32, 4, 0, 0, 2, 16, 196, N/A, N/A, LEFT, 7
2, 8, 2, 0, 4, 8, 2, 4, 32, 4, 0, 2, 2, 16, 0, 0, 196, N/A, N/A, LEFT, 7
2, 8, 2, 0, 4, 8, 2, 4, 32, 4, 2, 0, 2, 16, 0, 2, 196, N/A, N/A, UP, 7
2, 16, 4, 4, 4, 4, 2, 2, 32, 16, 0, 0, 2, 2, 0, 0, 216, N/A, N/A, DOWN, 7
2, 16, 0, 0, 4, 4, 2, 0, 32, 16, 4, 4, 2, 2, 2, 2, 216, N/A, N/A, RIGHT, 7
0, 0, 2, 16, 0, 0, 8, 2, 0, 32, 16, 8, 0, 2, 4, 4, 240, N/A, N/A, UP, 7
0, 32, 2, 16, 0, 2, 8, 2, 2, 0, 16, 8, 0, 0, 4, 4, 240, N/A, N/A, LEFT, 7
32, 2, 16, 0, 2, 8, 2, 0, 2, 16, 8, 0, 8, 0, 0, 2, 248, N/A, N/A, LEFT, 7
32, 2, 16, 2, 2, 8, 2, 0, 2, 16, 8, 0, 8, 2, 0, 0, 248, N/A, N/A, RIGHT, 7
32, 2, 16, 2, 2, 2, 8, 2, 0, 2, 16, 8, 0, 0, 8, 2, 248, N/A, N/A, LEFT, 7
32, 2, 16, 2, 4, 8, 2, 0, 2, 16, 8, 0, 8, 2, 0, 2, 252, N/A, N/A, LEFT, 7
32, 2, 16, 2, 4, 8, 2, 0, 2, 16, 8, 0, 8, 4, 0, 2, 256, N/A, N/A, DOWN, 7
32, 2, 0, 0, 4, 8, 16, 2, 2, 16, 2, 0, 8, 4, 8, 4, 260, N/A, N/A, UP, 7
32, 2, 16, 2, 4, 8, 2, 4, 2, 16, 8, 0, 8, 4, 2, 0, 260, N/A, N/A, RIGHT, 7
32, 2, 16, 2, 4, 8, 2, 4, 2, 2, 16, 8, 0, 8, 4, 2, 260, N/A, N/A, LEFT, 7
32, 2, 16, 2, 4, 8, 2, 4, 4, 16, 8, 0, 8, 4, 2, 2, 264, N/A, N/A, UP, 7
32, 2, 16, 2, 16, 8, 2, 4, 0, 16, 8, 2, 0, 4, 2, 2, 288, N/A, N/A, DOWN, 7
2, 2, 16, 0, 0, 8, 2, 0, 32, 16, 8, 2, 16, 4, 2, 8, 300, N/A, N/A, LEFT, 7
4, 16, 0, 0, 8, 2, 0, 2, 32, 16, 8, 2, 16, 4, 2, 8, 304, N/A, N/A, DOWN, 7
4, 16, 0, 0, 8, 2, 0, 4, 32, 16, 8, 4, 16, 4, 2, 8, 308, N/A, N/A, UP, 7
4, 16, 8, 16, 8, 2, 2, 0, 32, 16, 2, 0, 16, 4, 0, 0, 332, N/A, N/A, LEFT, 7
4, 16, 8, 16, 8, 4, 0, 0, 32, 16, 2, 0, 16, 4, 0, 2, 336, N/A, N/A, LEFT, 7
4, 16, 8, 16, 8, 4, 0, 0, 32, 16, 2, 2, 16, 4, 2, 0, 336, N/A, N/A, RIGHT, 7
4, 16, 8, 16, 2, 0, 8, 4, 0, 32, 16, 4, 0, 16, 4, 2, 340, N/A, N/A, LEFT, 7
4, 16, 8, 16, 2, 8, 4, 0, 32, 16, 4, 0, 16, 4, 2, 2, 340, N/A, N/A, UP, 7
4, 16, 8, 16, 2, 8, 8, 2, 32, 16, 2, 0, 16, 4, 2, 0, 348, N/A, N/A, RIGHT, 7
4, 16, 8, 16, 0, 2, 16, 2, 0, 32, 16, 2, 2, 16, 4, 2, 364, N/A, N/A, UP, 7
4, 16, 8, 16, 2, 2, 32, 4, 0, 32, 4, 2, 0, 16, 2, 0, 400, N/A, N/A, DOWN, 7
0, 16, 8, 2, 0, 2, 32, 16, 4, 32, 4, 4, 2, 16, 2, 2, 400, N/A, N/A, RIGHT, 7
0, 16, 8, 2, 0, 2, 32, 16, 0, 4, 32, 8, 2, 2, 16, 4, 412, N/A, N/A, RIGHT, 7
0, 16, 8, 2, 0, 2, 32, 16, 2, 4, 32, 8, 0, 4, 16, 4, 416, N/A, N/A, UP, 7
2, 16, 8, 2, 0, 2, 64, 16, 2, 8, 16, 8, 0, 0, 0, 4, 488, N/A, N/A, DOWN, 7
0, 0, 2, 2, 0, 16, 8, 16, 0, 2, 64, 8, 4, 8, 16, 4, 492, N/A, N/A, LEFT, 7
4, 0, 0, 2, 16, 8, 16, 0, 2, 64, 8, 0, 4, 8, 16, 4, 496, N/A, N/A, RIGHT, 7
0, 0, 4, 2, 2, 16, 8, 16, 0, 2, 64, 8, 4, 8, 16, 4, 496, N/A, N/A, UP, 7
2, 16, 4, 2, 4, 2, 8, 16, 0, 8, 64, 8, 2, 0, 16, 4, 496, N/A, N/A, LEFT, 7
2, 16, 4, 2, 4, 2, 8, 16, 8, 64, 8, 0, 2, 16, 4, 2, 496, N/A, N/A, RIGHT, 7
2, 16, 4, 2, 4, 2, 8, 16, 2, 8, 64, 8, 2, 16, 4, 2, 496, N/A, N/A, UP, 7
2, 16, 4, 2, 4, 2, 8, 16, 4, 8, 64, 8, 2, 16, 4, 2, 500, N/A, N/A, UP, 7
0, 0, 0, 0, 0, 0, 0, 0, 0, 0, 2, 0, 0, 0, 0, 0, 0, N/A, N/A, DOWN, 8
0, 0, 0, 0, 0, 0, 2, 0, 0, 0, 0, 0, 0, 0, 2, 0, 0, N/A, N/A, DOWN, 8
0, 0, 0, 0, 0, 0, 0, 0, 0, 0, 0, 0, 0, 2, 4, 0, 4, N/A, N/A, UP, 8
0, 2, 4, 0, 0, 0, 0, 0, 0, 0, 0, 0, 0, 0, 2, 0, 4, N/A, N/A, DOWN, 8
0, 0, 0, 0, 0, 0, 2, 0, 0, 0, 4, 0, 0, 2, 2, 0, 4, N/A, N/A, UP, 8
0, 2, 2, 0, 2, 0, 4, 0, 0, 0, 2, 0, 0, 0, 0, 0, 4, N/A, N/A, RIGHT, 8
0, 0, 0, 4, 0, 0, 2, 4, 0, 0, 2, 2, 0, 0, 0, 0, 8, N/A, N/A, RIGHT, 8
0, 0, 0, 4, 0, 0, 2, 4, 0, 0, 0, 4, 0, 2, 0, 0, 12, N/A, N/A, UP, 8
0, 2, 2, 8, 0, 0, 0, 4, 2, 0, 0, 0, 0, 0, 0, 0, 20, N/A, N/A, RIGHT, 8
0, 0, 4, 8, 0, 0, 0, 4, 4, 0, 0, 2, 0, 0, 0, 0, 24, N/A, N/A, DOWN, 8
2, 0, 0, 0, 0, 0, 0, 8, 0, 0, 0, 4, 4, 0, 4, 2, 24, N/A, N/A, DOWN, 8
0, 0, 0, 0, 0, 0, 0, 8, 2, 0, 2, 4, 4, 0, 4, 2, 24, N/A, N/A, RIGHT, 8
0, 0, 0, 0, 0, 0, 0, 8, 0, 0, 4, 4, 0, 2, 8, 2, 36, N/A, N/A, LEFT, 8
0, 2, 0, 0, 8, 0, 0, 0, 8, 0, 0, 0, 2, 8, 2, 0, 44, N/A, N/A, LEFT, 8
2, 0, 0, 0, 8, 0, 0, 0, 8, 0, 0, 0, 2, 8, 2, 2, 44, N/A, N/A, LEFT, 8
2, 0, 0, 0, 8, 0, 0, 0, 8, 2, 0, 0, 2, 8, 4, 0, 48, N/A, N/A, UP, 8
2, 2, 4, 0, 16, 8, 2, 0, 2, 0, 0, 0, 0, 0, 0, 0, 64, N/A, N/A, DOWN, 8
0, 2, 0, 0, 2, 0, 0, 0, 16, 2, 4, 0, 2, 8, 2, 0, 64, N/A, N/A, UP, 8
2, 4, 4, 0, 16, 8, 2, 2, 2, 0, 0, 0, 0, 0, 0, 0, 68, N/A, N/A, LEFT, 8
2, 8, 0, 0, 16, 8, 4, 0, 2, 2, 0, 0, 0, 0, 0, 0, 80, N/A, N/A, LEFT, 8
2, 8, 0, 0, 16, 8, 4, 0, 4, 2, 0, 0, 0, 0, 0, 0, 84, N/A, N/A, RIGHT, 8
0, 0, 2, 8, 2, 16, 8, 4, 0, 0, 4, 2, 0, 0, 0, 0, 84, N/A, N/A, UP, 8
2, 16, 2, 8, 0, 0, 8, 4, 0, 0, 4, 2, 0, 2, 0, 0, 84, N/A, N/A, RIGHT, 8
2, 16, 2, 8, 0, 0, 8, 4, 0, 2, 4, 2, 0, 0, 0, 2, 84, N/A, N/A, UP, 8
2, 16, 2, 8, 0, 2, 8, 4, 0, 0, 4, 4, 0, 0, 2, 0, 88, N/A, N/A, DOWN, 8
0, 0, 2, 0, 2, 0, 8, 0, 0, 16, 4, 0, 2, 2, 2, 16, 112, N/A, N/A, UP, 8
4, 16, 2, 16, 0, 2, 8, 0, 2, 0, 4, 0, 0, 0, 2, 0, 116, N/A, N/A, LEFT, 8
4, 16, 2, 16, 2, 8, 2, 0, 2, 4, 0, 0, 2, 0, 0, 0, 116, N/A, N/A, DOWN, 8
0, 0, 0, 0, 4, 16, 2, 0, 2, 8, 0, 0, 4, 4, 4, 16, 124, N/A, N/A, DOWN, 8
0, 0, 0, 0, 4, 16, 0, 4, 2, 8, 2, 0, 4, 4, 4, 16, 124, N/A, N/A, LEFT, 8
2, 0, 0, 0, 4, 16, 4, 0, 2, 8, 2, 0, 8, 4, 16, 0, 132, N/A, N/A, UP, 8
2, 16, 4, 0, 4, 8, 2, 0, 2, 4, 16, 0, 8, 0, 2, 0, 132, N/A, N/A, DOWN, 8
2, 0, 4, 2, 4, 16, 2, 0, 2, 8, 16, 0, 8, 4, 2, 0, 132, N/A, N/A, UP, 8
2, 16, 4, 2, 4, 8, 2, 0, 2, 4, 16, 0, 8, 2, 2, 0, 132, N/A, N/A, DOWN, 8
2, 16, 4, 0, 4, 8, 2, 2, 2, 4, 16, 0, 8, 2, 2, 2, 132, N/A, N/A, LEFT, 8
2, 16, 4, 0, 4, 8, 4, 2, 2, 4, 16, 0, 8, 4, 2, 0, 140, N/A, N/A, RIGHT, 8
0, 2, 16, 4, 4, 8, 4, 2, 0, 2, 4, 16, 4, 8, 4, 2, 140, N/A, N/A, LEFT, 8
2, 16, 4, 0, 4, 8, 4, 2, 2, 4, 16, 2, 4, 8, 4, 2, 140, N/A, N/A, UP, 8
2, 16, 8, 4, 4, 8, 16, 2, 2, 4, 4, 2, 4, 8, 0, 0, 152, N/A, N/A, DOWN, 8
2, 16, 0, 0, 4, 8, 8, 0, 2, 4, 16, 2, 4, 8, 4, 8, 164, N/A, N/A, RIGHT, 8
0, 2, 2, 16, 0, 0, 4, 16, 2, 4, 16, 2, 4, 8, 4, 8, 180, N/A, N/A, UP, 8
2, 2, 2, 32, 4, 4, 4, 2, 0, 8, 16, 8, 0, 0, 4, 4, 212, N/A, N/A, RIGHT, 8
0, 2, 4, 32, 0, 4, 8, 2, 2, 8, 16, 8, 0, 0, 0, 8, 232, N/A, N/A, UP, 8
2, 2, 4, 32, 0, 4, 8, 2, 0, 8, 16, 16, 0, 2, 0, 0, 248, N/A, N/A, LEFT, 8
8, 32, 0, 0, 4, 8, 2, 0, 8, 32, 0, 0, 2, 0, 2, 0, 292, N/A, N/A, UP, 8
8, 32, 4, 0, 4, 8, 0, 2, 8, 32, 0, 0, 2, 0, 0, 0, 296, N/A, N/A, DOWN, 8
8, 0, 0, 0, 4, 32, 0, 4, 8, 8, 0, 0, 2, 32, 4, 2, 296, N/A, N/A, UP, 8
8, 32, 4, 4, 4, 8, 2, 2, 8, 32, 0, 0, 2, 0, 0, 0, 296, N/A, N/A, DOWN, 8
8, 0, 0, 0, 4, 32, 2, 0, 8, 8, 4, 4, 2, 32, 2, 2, 296, N/A, N/A, LEFT, 8
8, 0, 0, 0, 4, 32, 2, 0, 16, 8, 2, 0, 2, 32, 4, 0, 324, N/A, N/A, UP, 8
8, 32, 8, 0, 4, 8, 0, 0, 16, 32, 0, 0, 2, 0, 2, 0, 336, N/A, N/A, RIGHT, 8
0, 8, 32, 8, 0, 0, 4, 8, 0, 0, 16, 32, 2, 0, 0, 4, 340, N/A, N/A, UP, 8
2, 8, 32, 16, 2, 0, 4, 32, 0, 0, 16, 4, 0, 0, 0, 0, 356, N/A, N/A, DOWN, 8
0, 0, 0, 2, 0, 0, 32, 16, 0, 0, 4, 32, 4, 8, 16, 4, 360, N/A, N/A, LEFT, 8
2, 0, 0, 0, 32, 16, 2, 0, 4, 32, 0, 0, 4, 8, 16, 4, 360, N/A, N/A, DOWN, 8
0, 2, 0, 0, 2, 16, 0, 0, 32, 32, 2, 0, 8, 8, 16, 4, 368, N/A, N/A, RIGHT, 8
0, 0, 4, 2, 0, 0, 2, 16, 0, 0, 64, 2, 0, 16, 16, 4, 448, N/A, N/A, LEFT, 8
4, 2, 0, 0, 2, 16, 0, 2, 64, 2, 0, 0, 32, 4, 0, 0, 480, N/A, N/A, RIGHT, 8
0, 0, 4, 2, 0, 2, 16, 2, 0, 0, 64, 2, 2, 0, 32, 4, 480, N/A, N/A, RIGHT, 8
0, 0, 4, 2, 0, 2, 16, 2, 2, 0, 64, 2, 0, 2, 32, 4, 480, N/A, N/A, UP, 8
2, 4, 4, 4, 0, 0, 16, 2, 0, 2, 64, 4, 0, 0, 32, 0, 488, N/A, N/A, RIGHT, 8
0, 2, 4, 8, 0, 2, 16, 2, 0, 2, 64, 4, 0, 0, 0, 32, 496, N/A, N/A, UP, 8
2, 4, 4, 8, 0, 2, 16, 2, 0, 0, 64, 4, 0, 0, 0, 32, 500, N/A, N/A, RIGHT, 8
0, 2, 8, 8, 2, 2, 16, 2, 0, 0, 64, 4, 0, 0, 0, 32, 508, N/A, N/A, LEFT, 8
2, 16, 0, 0, 4, 16, 2, 0, 64, 4, 0, 0, 32, 0, 0, 2, 528, N/A, N/A, LEFT, 8
2, 16, 0, 0, 4, 16, 2, 0, 64, 4, 0, 2, 32, 2, 0, 0, 528, N/A, N/A, LEFT, 8
2, 16, 0, 2, 4, 16, 2, 0, 64, 4, 2, 0, 32, 2, 0, 0, 528, N/A, N/A, UP, 8
2, 32, 4, 2, 4, 4, 2, 0, 64, 2, 0, 0, 32, 0, 0, 0, 564, N/A, N/A, DOWN, 8
2, 2, 0, 0, 4, 32, 0, 0, 64, 4, 4, 0, 32, 2, 2, 2, 564, N/A, N/A, UP, 8
2, 2, 4, 2, 4, 32, 2, 0, 64, 4, 0, 0, 32, 2, 2, 0, 564, N/A, N/A, LEFT, 8
8, 2, 0, 0, 4, 32, 2, 0, 64, 4, 0, 2, 32, 4, 0, 0, 580, N/A, N/A, RIGHT, 8
0, 0, 8, 2, 0, 4, 32, 2, 2, 64, 4, 2, 0, 0, 32, 4, 580, N/A, N/A, LEFT, 8
8, 2, 0, 0, 4, 32, 2, 2, 2, 64, 4, 2, 32, 4, 0, 0, 580, N/A, N/A, UP, 8
8, 2, 2, 4, 4, 32, 4, 0, 2, 64, 2, 0, 32, 4, 0, 0, 584, N/A, N/A, DOWN, 8
8, 2, 0, 0, 4, 32, 2, 0, 2, 64, 4, 2, 32, 4, 2, 4, 584, N/A, N/A, UP, 8
8, 2, 2, 2, 4, 32, 4, 4, 2, 64, 2, 0, 32, 4, 0, 2, 584, N/A, N/A, LEFT, 8
8, 4, 2, 0, 4, 32, 8, 0, 2, 64, 2, 2, 32, 4, 2, 0, 596, N/A, N/A, DOWN, 8
8, 4, 0, 0, 4, 32, 2, 0, 2, 64, 8, 2, 32, 4, 4, 2, 600, N/A, N/A, LEFT, 8
8, 4, 0, 0, 4, 32, 2, 0, 2, 64, 8, 2, 32, 8, 2, 2, 608, N/A, N/A, LEFT, 8
8, 4, 0, 4, 4, 32, 2, 0, 2, 64, 8, 2, 32, 8, 4, 0, 612, N/A, N/A, DOWN, 8
8, 4, 0, 2, 4, 32, 2, 0, 2, 64, 8, 4, 32, 8, 4, 2, 612, N/A, N/A, LEFT, 8
8, 4, 2, 0, 4, 32, 2, 2, 2, 64, 8, 4, 32, 8, 4, 2, 612, N/A, N/A, RIGHT, 8
0, 8, 4, 2, 2, 4, 32, 4, 2, 64, 8, 4, 32, 8, 4, 2, 616, N/A, N/A, DOWN, 8
0, 8, 4, 0, 2, 4, 32, 2, 4, 64, 8, 8, 32, 8, 4, 2, 628, N/A, N/A, UP, 8
2, 8, 4, 2, 4, 4, 32, 8, 32, 64, 8, 2, 0, 8, 4, 2, 628, N/A, N/A, RIGHT, 8
2, 8, 4, 2, 0, 8, 32, 8, 32, 64, 8, 2, 2, 8, 4, 2, 636, N/A, N/A, LEFT, 8
2, 8, 4, 2, 8, 32, 8, 2, 32, 64, 8, 2, 2, 8, 4, 2, 636, N/A, N/A, DOWN, 8
2, 8, 0, 2, 8, 32, 4, 0, 32, 64, 16, 4, 2, 8, 4, 4, 660, N/A, N/A, DOWN, 8
2, 8, 0, 0, 8, 32, 4, 2, 32, 64, 16, 2, 2, 8, 4, 8, 668, N/A, N/A, UP, 8
2, 8, 4, 4, 8, 32, 16, 8, 32, 64, 4, 2, 2, 8, 0, 0, 672, N/A, N/A, RIGHT, 8
2, 0, 2, 16, 8, 32, 16, 8, 32, 64, 4, 2, 0, 0, 2, 8, 696, N/A, N/A, DOWN, 8
0, 0, 2, 16, 2, 2, 16, 8, 8, 32, 4, 2, 32, 64, 2, 8, 696, N/A, N/A, RIGHT, 8
0, 2, 2, 16, 0, 4, 16, 8, 8, 32, 4, 2, 32, 64, 2, 8, 700, N/A, N/A, UP, 8
8, 2, 2, 16, 32, 4, 16, 8, 2, 32, 4, 2, 0, 64, 2, 8, 700, N/A, N/A, RIGHT, 8
0, 8, 4, 16, 32, 4, 16, 8, 2, 32, 4, 2, 4, 64, 2, 8, 704, N/A, N/A, UP, 8
0, 0, 0, 0, 0, 0, 0, 0, 2, 0, 0, 0, 0, 0, 0, 0, 0, N/A, N/A, DOWN, 9
0, 0, 0, 0, 0, 0, 0, 0, 0, 0, 0, 0, 2, 4, 0, 0, 0, N/A, N/A, RIGHT, 9
0, 2, 0, 0, 0, 0, 0, 0, 0, 0, 0, 0, 0, 0, 2, 4, 0, N/A, N/A, DOWN, 9
0, 0, 0, 0, 0, 0, 2, 0, 0, 0, 0, 0, 0, 2, 2, 4, 0, N/A, N/A, UP, 9
0, 2, 4, 4, 0, 2, 0, 0, 0, 0, 0, 0, 0, 0, 0, 0, 4, N/A, N/A, LEFT, 9
2, 8, 0, 0, 2, 0, 0, 0, 0, 0, 2, 0, 0, 0, 0, 0, 12, N/A, N/A, DOWN, 9
0, 0, 0, 2, 0, 0, 0, 0, 0, 0, 0, 0, 4, 8, 2, 0, 16, N/A, N/A, LEFT, 9
2, 0, 0, 0, 0, 0, 0, 0, 0, 0, 2, 0, 4, 8, 2, 0, 16, N/A, N/A, UP, 9
2, 8, 4, 0, 4, 0, 0, 2, 0, 0, 0, 0, 0, 0, 0, 0, 20, N/A, N/A, DOWN, 9
0, 0, 0, 0, 0, 2, 0, 0, 2, 0, 0, 0, 4, 8, 4, 2, 20, N/A, N/A, UP, 9
2, 2, 4, 2, 4, 8, 0, 0, 0, 0, 0, 0, 0, 0, 0, 2, 20, N/A, N/A, RIGHT, 9
0, 4, 4, 2, 0, 0, 4, 8, 0, 4, 0, 0, 0, 0, 0, 2, 24, N/A, N/A, RIGHT, 9
0, 0, 8, 2, 0, 0, 4, 8, 0, 0, 2, 4, 0, 0, 0, 2, 32, N/A, N/A, DOWN, 9
0, 0, 0, 2, 0, 0, 8, 8, 0, 0, 4, 4, 0, 2, 2, 2, 32, N/A, N/A, RIGHT, 9
2, 0, 0, 2, 0, 0, 0, 16, 0, 0, 0, 8, 0, 0, 2, 4, 60, N/A, N/A, UP, 9
2, 0, 2, 2, 0, 0, 0, 16, 0, 2, 0, 8, 0, 0, 0, 4, 60, N/A, N/A, RIGHT, 9
0, 0, 2, 4, 0, 0, 0, 16, 0, 0, 2, 8, 2, 0, 0, 4, 64, N/A, N/A, DOWN, 9
0, 0, 0, 4, 2, 0, 0, 16, 0, 0, 0, 8, 2, 0, 4, 4, 68, N/A, N/A, DOWN, 9
0, 0, 0, 4, 0, 0, 0, 16, 0, 0, 2, 8, 4, 0, 4, 4, 72, N/A, N/A, RIGHT, 9
0, 0, 0, 4, 0, 0, 0, 16, 0, 0, 2, 8, 0, 2, 4, 8, 80, N/A, N/A, LEFT, 9
4, 2, 0, 0, 16, 0, 0, 0, 2, 8, 0, 0, 2, 4, 8, 0, 80, N/A, N/A, DOWN, 9
0, 0, 2, 0, 4, 2, 0, 0, 16, 8, 0, 0, 4, 4, 8, 0, 84, N/A, N/A, RIGHT, 9
0, 0, 0, 2, 0, 2, 4, 2, 0, 0, 16, 8, 0, 0, 8, 8, 92, N/A, N/A, LEFT, 9
2, 0, 0, 0, 2, 4, 2, 2, 16, 8, 0, 0, 16, 0, 0, 0, 108, N/A, N/A, LEFT, 9
2, 0, 0, 0, 2, 4, 4, 2, 16, 8, 0, 0, 16, 0, 0, 0, 112, N/A, N/A, UP, 9
4, 4, 4, 2, 32, 8, 0, 0, 0, 0, 0, 0, 2, 0, 0, 0, 148, N/A, N/A, UP, 9
4, 4, 4, 2, 32, 8, 0, 2, 2, 0, 0, 0, 0, 0, 0, 0, 148, N/A, N/A, LEFT, 9
8, 4, 2, 0, 32, 8, 2, 0, 2, 0, 0, 2, 0, 0, 0, 0, 156, N/A, N/A, UP, 9
8, 4, 4, 2, 32, 8, 0, 2, 2, 0, 0, 0, 0, 0, 0, 0, 160, N/A, N/A, RIGHT, 9
0, 0, 16, 2, 0, 32, 8, 2, 0, 0, 0, 2, 0, 0, 2, 0, 184, N/A, N/A, LEFT, 9
16, 2, 2, 0, 32, 8, 2, 0, 2, 0, 0, 0, 2, 0, 0, 0, 184, N/A, N/A, RIGHT, 9
0, 0, 16, 4, 0, 32, 8, 2, 2, 0, 0, 2, 0, 0, 0, 2, 188, N/A, N/A, LEFT, 9
16, 4, 0, 0, 32, 8, 2, 0, 4, 0, 2, 0, 2, 0, 0, 0, 192, N/A, N/A, RIGHT, 9
0, 0, 16, 4, 2, 32, 8, 2, 0, 0, 4, 2, 0, 0, 0, 2, 192, N/A, N/A, UP, 9
2, 32, 16, 4, 0, 2, 8, 4, 0, 0, 4, 2, 0, 0, 0, 0, 196, N/A, N/A, UP, 9
2, 32, 16, 8, 0, 2, 8, 2, 0, 0, 4, 0, 0, 0, 2, 0, 204, N/A, N/A, LEFT, 9
2, 32, 16, 8, 2, 8, 2, 2, 4, 0, 0, 0, 2, 0, 0, 0, 204, N/A, N/A, UP, 9
8, 32, 16, 8, 2, 8, 2, 2, 0, 0, 0, 0, 0, 2, 0, 0, 216, N/A, N/A, RIGHT, 9
8, 32, 16, 8, 0, 2, 8, 4, 2, 0, 0, 0, 0, 0, 0, 2, 220, N/A, N/A, LEFT, 9
8, 32, 16, 8, 2, 8, 4, 0, 2, 0, 0, 0, 2, 0, 0, 2, 220, N/A, N/A, UP, 9
8, 32, 16, 8, 4, 8, 4, 2, 2, 0, 2, 0, 0, 0, 0, 0, 224, N/A, N/A, LEFT, 9
8, 32, 16, 8, 4, 8, 4, 2, 4, 0, 0, 0, 0, 0, 0, 2, 228, N/A, N/A, DOWN, 9
0, 0, 0, 0, 0, 0, 0, 2, 0, 32, 16, 8, 16, 8, 4, 4, 256, N/A, N/A, UP, 9
16, 32, 16, 2, 0, 8, 4, 8, 0, 2, 0, 4, 0, 0, 0, 0, 256, N/A, N/A, RIGHT, 9
16, 32, 16, 2, 0, 8, 4, 8, 0, 2, 2, 4, 0, 0, 0, 0, 256, N/A, N/A, LEFT, 9
16, 32, 16, 2, 8, 4, 8, 0, 8, 0, 0, 4, 0, 0, 0, 0, 268, N/A, N/A, DOWN, 9
0, 0, 2, 0, 0, 0, 0, 0, 0, 32, 16, 2, 32, 4, 8, 4, 316, N/A, N/A, RIGHT, 9
0, 0, 0, 2, 0, 0, 0, 0, 2, 32, 16, 2, 32, 4, 8, 4, 316, N/A, N/A, UP, 9
2, 32, 16, 8, 32, 4, 8, 0, 0, 0, 0, 0, 0, 0, 0, 2, 328, N/A, N/A, RIGHT, 9
2, 32, 16, 8, 0, 32, 4, 8, 0, 0, 0, 0, 0, 0, 2, 2, 328, N/A, N/A, LEFT, 9
2, 32, 16, 8, 32, 4, 8, 0, 0, 0, 2, 0, 4, 0, 0, 0, 332, N/A, N/A, RIGHT, 9
2, 32, 16, 8, 0, 32, 4, 8, 0, 0, 0, 2, 2, 0, 0, 4, 332, N/A, N/A, DOWN, 9
0, 0, 0, 0, 0, 0, 0, 16, 2, 0, 16, 2, 4, 64, 4, 4, 416, N/A, N/A, UP, 9
2, 64, 16, 16, 4, 0, 4, 2, 0, 0, 0, 4, 2, 0, 0, 0, 416, N/A, N/A, LEFT, 9
2, 64, 32, 0, 8, 2, 2, 0, 4, 0, 0, 0, 2, 0, 0, 0, 456, N/A, N/A, LEFT, 9
2, 64, 32, 0, 8, 4, 0, 0, 4, 0, 0, 0, 2, 0, 2, 0, 460, N/A, N/A, UP, 9
2, 64, 32, 0, 8, 4, 2, 0, 4, 0, 0, 0, 2, 0, 2, 0, 460, N/A, N/A, DOWN, 9
2, 0, 0, 0, 8, 0, 0, 0, 4, 64, 32, 0, 2, 4, 4, 4, 464, N/A, N/A, UP, 9
2, 64, 32, 4, 8, 4, 4, 0, 4, 0, 0, 0, 2, 0, 0, 2, 464, N/A, N/A, RIGHT, 9
2, 64, 32, 4, 0, 0, 0, 16, 0, 0, 0, 4, 2, 0, 0, 4, 492, N/A, N/A, DOWN, 9
0, 0, 0, 0, 0, 0, 0, 4, 0, 0, 2, 16, 4, 64, 32, 8, 504, N/A, N/A, LEFT, 9
2, 0, 0, 0, 4, 0, 0, 0, 2, 16, 0, 0, 4, 64, 32, 8, 504, N/A, N/A, RIGHT, 9
0, 0, 2, 2, 0, 0, 0, 4, 0, 0, 2, 16, 4, 64, 32, 8, 504, N/A, N/A, UP, 9
4, 64, 4, 2, 0, 0, 32, 4, 2, 0, 0, 16, 0, 0, 0, 8, 508, N/A, N/A, UP, 9
4, 64, 4, 2, 2, 0, 32, 4, 0, 0, 2, 16, 0, 0, 0, 8, 508, N/A, N/A, LEFT, 9
4, 64, 4, 2, 2, 32, 4, 0, 2, 16, 2, 0, 8, 0, 0, 0, 508, N/A, N/A, RIGHT, 9
4, 64, 4, 2, 0, 2, 32, 4, 0, 2, 16, 2, 0, 0, 2, 8, 508, N/A, N/A, LEFT, 9
4, 64, 4, 2, 2, 32, 4, 0, 2, 16, 2, 0, 2, 8, 0, 2, 508, N/A, N/A, UP, 9
4, 64, 8, 4, 4, 32, 2, 0, 2, 16, 0, 2, 0, 8, 0, 0, 524, N/A, N/A, LEFT, 9
4, 64, 8, 4, 4, 32, 2, 0, 2, 16, 2, 0, 8, 2, 0, 0, 524, N/A, N/A, UP, 9
8, 64, 8, 4, 2, 32, 4, 0, 8, 16, 2, 0, 0, 2, 0, 0, 536, N/A, N/A, LEFT, 9
8, 64, 8, 4, 2, 32, 4, 0, 8, 16, 2, 0, 2, 2, 0, 0, 536, N/A, N/A, LEFT, 9
8, 64, 8, 4, 2, 32, 4, 2, 8, 16, 2, 0, 4, 0, 0, 0, 540, N/A, N/A, RIGHT, 9
8, 64, 8, 4, 2, 32, 4, 2, 4, 8, 16, 2, 0, 0, 0, 4, 540, N/A, N/A, DOWN, 9
0, 0, 0, 2, 8, 64, 8, 0, 2, 32, 4, 8, 4, 8, 16, 4, 552, N/A, N/A, UP, 9
8, 64, 8, 2, 2, 32, 4, 8, 4, 8, 16, 4, 2, 0, 0, 0, 552, N/A, N/A, RIGHT, 9
8, 64, 8, 2, 2, 32, 4, 8, 4, 8, 16, 4, 0, 2, 0, 2, 552, N/A, N/A, RIGHT, 9
8, 64, 8, 2, 2, 32, 4, 8, 4, 8, 16, 4, 0, 2, 0, 4, 556, N/A, N/A, RIGHT, 9
8, 64, 8, 2, 2, 32, 4, 8, 4, 8, 16, 4, 4, 0, 2, 4, 556, N/A, N/A, DOWN, 9
0, 0, 8, 0, 8, 64, 4, 2, 2, 32, 16, 2, 8, 8, 2, 16, 588, N/A, N/A, LEFT, 9
8, 2, 0, 0, 8, 64, 4, 2, 2, 32, 16, 2, 16, 2, 16, 0, 604, N/A, N/A, RIGHT, 9
2, 0, 8, 2, 8, 64, 4, 2, 2, 32, 16, 2, 0, 16, 2, 16, 604, N/A, N/A, RIGHT, 9
0, 2, 8, 2, 8, 64, 4, 2, 2, 32, 16, 2, 2, 16, 2, 16, 604, N/A, N/A, UP, 9
8, 2, 8, 4, 4, 64, 4, 2, 0, 32, 16, 16, 0, 16, 2, 2, 612, N/A, N/A, DOWN, 9
4, 2, 8, 4, 0, 64, 4, 2, 8, 32, 16, 16, 4, 16, 2, 2, 612, N/A, N/A, LEFT, 9
4, 2, 8, 4, 64, 4, 2, 2, 8, 32, 32, 0, 4, 16, 4, 0, 648, N/A, N/A, DOWN, 9
4, 2, 8, 2, 64, 4, 2, 0, 8, 32, 32, 4, 4, 16, 4, 2, 648, N/A, N/A, UP, 9
4, 2, 8, 2, 64, 4, 2, 4, 8, 32, 32, 2, 4, 16, 4, 2, 648, N/A, N/A, UP, 9
4, 2, 8, 2, 64, 4, 2, 4, 8, 32, 32, 4, 4, 16, 4, 2, 652, N/A, N/A, DOWN, 9
4, 2, 8, 2, 64, 4, 2, 2, 8, 32, 32, 8, 4, 16, 4, 2, 660, N/A, N/A, RIGHT, 9
4, 2, 8, 2, 0, 0, 64, 8, 2, 8, 64, 8, 4, 16, 4, 2, 736, N/A, N/A, DOWN, 9
2, 0, 0, 0, 4, 2, 8, 2, 2, 8, 128, 16, 4, 16, 4, 2, 880, N/A, N/A, RIGHT, 9
0, 2, 0, 2, 4, 2, 8, 2, 2, 8, 128, 16, 4, 16, 4, 2, 880, N/A, N/A, RIGHT, 9
2, 0, 0, 4, 4, 2, 8, 2, 2, 8, 128, 16, 4, 16, 4, 2, 884, N/A, N/A, UP, 9
2, 2, 8, 4, 4, 8, 128, 2, 2, 16, 4, 16, 4, 0, 2, 2, 884, N/A, N/A, RIGHT, 9
2, 4, 8, 4, 4, 8, 128, 2, 2, 16, 4, 16, 0, 0, 0, 8, 900, N/A, N/A, DOWN, 9
0, 0, 2, 4, 2, 4, 8, 2, 4, 8, 128, 16, 2, 16, 4, 8, 900, N/A, N/A, UP, 9
2, 4, 2, 4, 4, 8, 8, 2, 2, 16, 128, 16, 0, 2, 4, 8, 900, N/A, N/A, RIGHT, 9
2, 4, 2, 4, 0, 4, 16, 2, 2, 16, 128, 16, 2, 2, 4, 8, 916, N/A, N/A, UP, 9
4, 8, 2, 4, 2, 16, 16, 2, 0, 2, 128, 16, 0, 2, 4, 8, 928, N/A, N/A, UP, 9
4, 8, 2, 4, 2, 16, 16, 2, 0, 4, 128, 16, 4, 0, 4, 8, 932, N/A, N/A, UP, 9
4, 8, 2, 4, 2, 16, 16, 2, 4, 4, 128, 16, 2, 0, 4, 8, 932, N/A, N/A, LEFT, 9
4, 8, 2, 4, 2, 32, 2, 0, 8, 128, 16, 0, 2, 4, 8, 2, 972, N/A, N/A, UP, 9
4, 8, 4, 4, 2, 32, 16, 2, 8, 128, 8, 2, 2, 4, 0, 0, 976, N/A, N/A, DOWN, 9
4, 8, 0, 0, 2, 32, 4, 2, 8, 128, 16, 0, 2, 4, 8, 8, 988, N/A, N/A, UP, 9
4, 8, 4, 2, 2, 32, 16, 8, 8, 128, 8, 4, 2, 4, 0, 0, 988, N/A, N/A, DOWN, 9
4, 8, 0, 2, 2, 32, 4, 2, 8, 128, 16, 8, 2, 4, 8, 4, 988, N/A, N/A, UP, 9
4, 8, 4, 4, 2, 32, 16, 8, 8, 128, 8, 4, 2, 4, 2, 0, 992, N/A, N/A, DOWN, 9
4, 8, 4, 2, 2, 32, 16, 4, 8, 128, 8, 8, 2, 4, 2, 4, 992, N/A, N/A, RIGHT, 9
4, 8, 4, 2, 2, 32, 16, 4, 2, 8, 128, 16, 2, 4, 2, 4, 1008, N/A, N/A, DOWN, 9
4, 8, 4, 2, 4, 32, 16, 4, 2, 8, 128, 16, 4, 4, 2, 4, 1012, N/A, N/A, DOWN, 9
2, 8, 4, 2, 8, 32, 16, 4, 2, 8, 128, 16, 4, 4, 2, 4, 1020, N/A, N/A, RIGHT, 9
2, 8, 4, 2, 8, 32, 16, 4, 2, 8, 128, 16, 2, 8, 2, 4, 1028, N/A, N/A, UP, 9
2, 8, 4, 2, 8, 32, 16, 4, 4, 16, 128, 16, 0, 2, 2, 4, 1048, N/A, N/A, RIGHT, 9
2, 8, 4, 2, 8, 32, 16, 4, 4, 16, 128, 16, 2, 0, 4, 4, 1052, N/A, N/A, LEFT, 9
2, 8, 4, 2, 8, 32, 16, 4, 4, 16, 128, 16, 2, 8, 0, 2, 1060, N/A, N/A, LEFT, 9
2, 8, 4, 2, 8, 32, 16, 4, 4, 16, 128, 16, 2, 8, 2, 2, 1060, N/A, N/A, LEFT, 9
